Note,SourceFilename,SourceCreated,SourceModified,SourceAccessed,ExecutableName,Hash,Size,Version,RunCount,LastRun,PreviousRun0,PreviousRun1,PreviousRun2,PreviousRun3,PreviousRun4,PreviousRun5,PreviousRun6,Volume0Name,Volume0Serial,Volume0Created,Volume1Name,Volume1Serial,Volume1Created,Directories,FilesLoaded,ParsingError
,C:\Users\BRIANNA\OneDrive\Documents\GitHub\NSSECU3_MP2\win7_files\Prefetch\ACCESSDATA_FTK_IMAGER_4.7.1.E-359380A9.pf,1979-12-31 16:00:00,2025-02-18 17:39:10,2025-02-19 10:02:46,ACCESSDATA_FTK_IMAGER_4.7.1.E,359380A9,62850,Windows Vista or Windows 7,1,2025-02-18 17:07:11,,,,,,,,\DEVICE\HARDDISKVOLUME2,84AABEBE,2024-05-27 03:33:38,,,,"\DEVICE\HARDDISKVOLUME2\$EXTEND, \DEVICE\HARDDISKVOLUME2\USERS, \DEVICE\HARDDISKVOLUME2\USERS\STUDENT, \DEVICE\HARDDISKVOLUME2\USERS\STUDENT\APPDATA, \DEVICE\HARDDISKVOLUME2\USERS\STUDENT\APPDATA\LOCAL, \DEVICE\HARDDISKVOLUME2\USERS\STUDENT\APPDATA\LOCAL\TEMP, \DEVICE\HARDDISKVOLUME2\USERS\STUDENT\APPDATA\LOCAL\TEMP\{74D9701A-365F-4557-B5E3-6A73D98AF2F8}, \DEVICE\HARDDISKVOLUME2\WINDOWS, \DEVICE\HARDDISKVOLUME2\WINDOWS\FONTS, \DEVICE\HARDDISKVOLUME2\WINDOWS\GLOBALIZATION, \DEVICE\HARDDISKVOLUME2\WINDOWS\GLOBALIZATION\SORTING, \DEVICE\HARDDISKVOLUME2\WINDOWS\SYSTEM32, \DEVICE\HARDDISKVOLUME2\WINDOWS\SYSWOW64, \DEVICE\HARDDISKVOLUME2\WINDOWS\WINSXS\X86_MICROSOFT.WINDOWS.COMMON-CONTROLS_6595B64144CCF1DF_5.82.7601.17514_NONE_EC83DFFA859149AF, \DEVICE\HARDDISKVOLUME2\WINDOWS\WINSXS\X86_MICROSOFT.WINDOWS.COMMON-CONTROLS_6595B64144CCF1DF_6.0.7601.17514_NONE_41E6975E2BD6F2B2","\DEVICE\HARDDISKVOLUME2\WINDOWS\SYSTEM32\NTDLL.DLL, \DEVICE\HARDDISKVOLUME2\WINDOWS\SYSTEM32\WOW64.DLL, \DEVICE\HARDDISKVOLUME2\WINDOWS\SYSTEM32\WOW64WIN.DLL, \DEVICE\HARDDISKVOLUME2\WINDOWS\SYSTEM32\WOW64CPU.DLL, \DEVICE\HARDDISKVOLUME2\WINDOWS\SYSTEM32\KERNEL32.DLL, \DEVICE\HARDDISKVOLUME2\WINDOWS\SYSWOW64\KERNEL32.DLL, \DEVICE\HARDDISKVOLUME2\WINDOWS\SYSTEM32\USER32.DLL, \DEVICE\HARDDISKVOLUME2\WINDOWS\SYSWOW64\NTDLL.DLL, \DEVICE\HARDDISKVOLUME2\WINDOWS\SYSTEM32\APISETSCHEMA.DLL, \DEVICE\HARDDISKVOLUME2\WINDOWS\SYSWOW64\KERNELBASE.DLL, \DEVICE\HARDDISKVOLUME2\WINDOWS\SYSTEM32\LOCALE.NLS, \DEVICE\HARDDISKVOLUME2\WINDOWS\WINSXS\X86_MICROSOFT.WINDOWS.COMMON-CONTROLS_6595B64144CCF1DF_6.0.7601.17514_NONE_41E6975E2BD6F2B2\COMCTL32.DLL, \DEVICE\HARDDISKVOLUME2\WINDOWS\SYSWOW64\MSVCRT.DLL, \DEVICE\HARDDISKVOLUME2\WINDOWS\SYSWOW64\GDI32.DLL, \DEVICE\HARDDISKVOLUME2\WINDOWS\SYSWOW64\USER32.DLL, \DEVICE\HARDDISKVOLUME2\WINDOWS\SYSWOW64\ADVAPI32.DLL, \DEVICE\HARDDISKVOLUME2\WINDOWS\SYSWOW64\SECHOST.DLL, \DEVICE\HARDDISKVOLUME2\WINDOWS\SYSWOW64\RPCRT4.DLL, \DEVICE\HARDDISKVOLUME2\WINDOWS\SYSWOW64\SSPICLI.DLL, \DEVICE\HARDDISKVOLUME2\WINDOWS\SYSWOW64\CRYPTBASE.DLL, \DEVICE\HARDDISKVOLUME2\WINDOWS\SYSWOW64\LPK.DLL, \DEVICE\HARDDISKVOLUME2\WINDOWS\SYSWOW64\USP10.DLL, \DEVICE\HARDDISKVOLUME2\WINDOWS\SYSWOW64\SHLWAPI.DLL, \DEVICE\HARDDISKVOLUME2\WINDOWS\SYSWOW64\SHELL32.DLL, \DEVICE\HARDDISKVOLUME2\WINDOWS\SYSWOW64\OLE32.DLL, \DEVICE\HARDDISKVOLUME2\WINDOWS\SYSWOW64\OLEAUT32.DLL, \DEVICE\HARDDISKVOLUME2\WINDOWS\SYSWOW64\IMM32.DLL, \DEVICE\HARDDISKVOLUME2\WINDOWS\SYSWOW64\MSCTF.DLL, \DEVICE\HARDDISKVOLUME2\WINDOWS\WINDOWSSHELL.MANIFEST, \DEVICE\HARDDISKVOLUME2\WINDOWS\SYSWOW64\UXTHEME.DLL, \DEVICE\HARDDISKVOLUME2\WINDOWS\SYSWOW64\NTMARTA.DLL, \DEVICE\HARDDISKVOLUME2\WINDOWS\SYSWOW64\WLDAP32.DLL, \DEVICE\HARDDISKVOLUME2\WINDOWS\WINSXS\X86_MICROSOFT.WINDOWS.COMMON-CONTROLS_6595B64144CCF1DF_5.82.7601.17514_NONE_EC83DFFA859149AF\COMCTL32.DLL, \DEVICE\HARDDISKVOLUME2\WINDOWS\GLOBALIZATION\SORTING\SORTDEFAULT.NLS, \DEVICE\HARDDISKVOLUME2\USERS\STUDENT\APPDATA\LOCAL\TEMP\{74D9701A-365F-4557-B5E3-6A73D98AF2F8}\_ISMSIDEL.INI, \DEVICE\HARDDISKVOLUME2\USERS\STUDENT\APPDATA\LOCAL\TEMP\{74D9701A-365F-4557-B5E3-6A73D98AF2F8}\SETUP.INI, \DEVICE\HARDDISKVOLUME2\$MFT, \DEVICE\HARDDISKVOLUME2\WINDOWS\SYSWOW64\MSI.DLL, \DEVICE\HARDDISKVOLUME2\USERS\STUDENT\APPDATA\LOCAL\TEMP\{74D9701A-365F-4557-B5E3-6A73D98AF2F8}\0X0409.INI, \DEVICE\HARDDISKVOLUME2\USERS\STUDENT\APPDATA\LOCAL\TEMP\~6C57.TMP, \DEVICE\HARDDISKVOLUME2\USERS\STUDENT\APPDATA\LOCAL\TEMP\~6C68.TMP, \DEVICE\HARDDISKVOLUME2\WINDOWS\SYSWOW64\DWMAPI.DLL, \DEVICE\HARDDISKVOLUME2\WINDOWS\FONTS\STATICCACHE.DAT, \DEVICE\HARDDISKVOLUME2\WINDOWS\SYSWOW64\VERSION.DLL, \DEVICE\HARDDISKVOLUME2\USERS\STUDENT\APPDATA\LOCAL\TEMP\{74D9701A-365F-4557-B5E3-6A73D98AF2F8}\ACCESSDATA_FTK_IMAGER_(X64).MSI",False
,C:\Users\BRIANNA\OneDrive\Documents\GitHub\NSSECU3_MP2\win7_files\Prefetch\ACCESSDATA_FTK_IMAGER_4.7.1.E-A7B5AFA5.pf,1979-12-31 16:00:00,2025-02-18 17:39:10,2025-02-19 10:02:46,ACCESSDATA_FTK_IMAGER_4.7.1.E,A7B5AFA5,17502,Windows Vista or Windows 7,1,2025-02-18 17:07:07,,,,,,,,\DEVICE\HARDDISKVOLUME2,84AABEBE,2024-05-27 03:33:38,,,,"\DEVICE\HARDDISKVOLUME2\$EXTEND, \DEVICE\HARDDISKVOLUME2\USERS, \DEVICE\HARDDISKVOLUME2\USERS\STUDENT, \DEVICE\HARDDISKVOLUME2\USERS\STUDENT\APPDATA, \DEVICE\HARDDISKVOLUME2\USERS\STUDENT\APPDATA\LOCAL, \DEVICE\HARDDISKVOLUME2\USERS\STUDENT\APPDATA\LOCAL\TEMP, \DEVICE\HARDDISKVOLUME2\USERS\STUDENT\APPDATA\LOCAL\TEMP\{74D9701A-365F-4557-B5E3-6A73D98AF2F8}, \DEVICE\HARDDISKVOLUME2\WINDOWS, \DEVICE\HARDDISKVOLUME2\WINDOWS\GLOBALIZATION, \DEVICE\HARDDISKVOLUME2\WINDOWS\GLOBALIZATION\SORTING, \DEVICE\HARDDISKVOLUME2\WINDOWS\SYSTEM32, \DEVICE\HARDDISKVOLUME2\WINDOWS\SYSWOW64, \DEVICE\HARDDISKVOLUME2\WINDOWS\WINSXS\X86_MICROSOFT.WINDOWS.COMMON-CONTROLS_6595B64144CCF1DF_6.0.7601.17514_NONE_41E6975E2BD6F2B2","\DEVICE\HARDDISKVOLUME2\WINDOWS\SYSTEM32\NTDLL.DLL, \DEVICE\HARDDISKVOLUME2\WINDOWS\SYSTEM32\WOW64.DLL, \DEVICE\HARDDISKVOLUME2\WINDOWS\SYSTEM32\WOW64WIN.DLL, \DEVICE\HARDDISKVOLUME2\WINDOWS\SYSTEM32\WOW64CPU.DLL, \DEVICE\HARDDISKVOLUME2\WINDOWS\SYSTEM32\KERNEL32.DLL, \DEVICE\HARDDISKVOLUME2\WINDOWS\SYSWOW64\KERNEL32.DLL, \DEVICE\HARDDISKVOLUME2\WINDOWS\SYSTEM32\USER32.DLL, \DEVICE\HARDDISKVOLUME2\WINDOWS\SYSWOW64\NTDLL.DLL, \DEVICE\HARDDISKVOLUME2\WINDOWS\SYSTEM32\APISETSCHEMA.DLL, \DEVICE\HARDDISKVOLUME2\WINDOWS\SYSWOW64\KERNELBASE.DLL, \DEVICE\HARDDISKVOLUME2\WINDOWS\SYSTEM32\LOCALE.NLS, \DEVICE\HARDDISKVOLUME2\WINDOWS\WINSXS\X86_MICROSOFT.WINDOWS.COMMON-CONTROLS_6595B64144CCF1DF_6.0.7601.17514_NONE_41E6975E2BD6F2B2\COMCTL32.DLL, \DEVICE\HARDDISKVOLUME2\WINDOWS\SYSWOW64\MSVCRT.DLL, \DEVICE\HARDDISKVOLUME2\WINDOWS\SYSWOW64\GDI32.DLL, \DEVICE\HARDDISKVOLUME2\WINDOWS\SYSWOW64\USER32.DLL, \DEVICE\HARDDISKVOLUME2\WINDOWS\SYSWOW64\ADVAPI32.DLL, \DEVICE\HARDDISKVOLUME2\WINDOWS\SYSWOW64\SECHOST.DLL, \DEVICE\HARDDISKVOLUME2\WINDOWS\SYSWOW64\RPCRT4.DLL, \DEVICE\HARDDISKVOLUME2\WINDOWS\SYSWOW64\SSPICLI.DLL, \DEVICE\HARDDISKVOLUME2\WINDOWS\SYSWOW64\CRYPTBASE.DLL, \DEVICE\HARDDISKVOLUME2\WINDOWS\SYSWOW64\LPK.DLL, \DEVICE\HARDDISKVOLUME2\WINDOWS\SYSWOW64\USP10.DLL, \DEVICE\HARDDISKVOLUME2\WINDOWS\SYSWOW64\SHLWAPI.DLL, \DEVICE\HARDDISKVOLUME2\WINDOWS\SYSWOW64\SHELL32.DLL, \DEVICE\HARDDISKVOLUME2\WINDOWS\SYSWOW64\OLE32.DLL, \DEVICE\HARDDISKVOLUME2\WINDOWS\SYSWOW64\OLEAUT32.DLL, \DEVICE\HARDDISKVOLUME2\WINDOWS\SYSWOW64\IMM32.DLL, \DEVICE\HARDDISKVOLUME2\WINDOWS\SYSWOW64\MSCTF.DLL, \DEVICE\HARDDISKVOLUME2\WINDOWS\WINDOWSSHELL.MANIFEST, \DEVICE\HARDDISKVOLUME2\WINDOWS\SYSWOW64\UXTHEME.DLL, \DEVICE\HARDDISKVOLUME2\WINDOWS\SYSWOW64\NTMARTA.DLL, \DEVICE\HARDDISKVOLUME2\WINDOWS\SYSWOW64\WLDAP32.DLL, \DEVICE\HARDDISKVOLUME2\USERS\STUDENT\APPDATA\LOCAL\TEMP\{74D9701A-365F-4557-B5E3-6A73D98AF2F8}\_ISMSIDEL.INI, \DEVICE\HARDDISKVOLUME2\WINDOWS\GLOBALIZATION\SORTING\SORTDEFAULT.NLS, \DEVICE\HARDDISKVOLUME2\USERS\STUDENT\APPDATA\LOCAL\TEMP\~5C4A.TMP, \DEVICE\HARDDISKVOLUME2\USERS\STUDENT\APPDATA\LOCAL\TEMP\~5C6A.TMP, \DEVICE\HARDDISKVOLUME2\USERS\STUDENT\APPDATA\LOCAL\TEMP\~5C6B.TMP, \DEVICE\HARDDISKVOLUME2\USERS\STUDENT\APPDATA\LOCAL\TEMP\~5C8B.TMP, \DEVICE\HARDDISKVOLUME2\USERS\STUDENT\APPDATA\LOCAL\TEMP\~5CAB.TMP",False
,C:\Users\BRIANNA\OneDrive\Documents\GitHub\NSSECU3_MP2\win7_files\Prefetch\CMD.EXE-AC113AA8.pf,1979-12-31 16:00:00,2025-02-18 17:39:10,2025-02-19 10:02:46,CMD.EXE,AC113AA8,12106,Windows Vista or Windows 7,1,2025-02-18 17:13:33,,,,,,,,\DEVICE\HARDDISKVOLUME2,84AABEBE,2024-05-27 03:33:38,,,,"\DEVICE\HARDDISKVOLUME2\USERS, \DEVICE\HARDDISKVOLUME2\USERS\STUDENT, \DEVICE\HARDDISKVOLUME2\USERS\STUDENT\APPDATA, \DEVICE\HARDDISKVOLUME2\USERS\STUDENT\APPDATA\LOCAL, \DEVICE\HARDDISKVOLUME2\USERS\STUDENT\APPDATA\LOCAL\TEMP, \DEVICE\HARDDISKVOLUME2\USERS\STUDENT\APPDATA\LOCAL\TEMP\{74D9701A-365F-4557-B5E3-6A73D98AF2F8}, \DEVICE\HARDDISKVOLUME2\WINDOWS, \DEVICE\HARDDISKVOLUME2\WINDOWS\SYSTEM32, \DEVICE\HARDDISKVOLUME2\WINDOWS\SYSWOW64","\DEVICE\HARDDISKVOLUME2\WINDOWS\SYSTEM32\NTDLL.DLL, \DEVICE\HARDDISKVOLUME2\WINDOWS\SYSTEM32\WOW64.DLL, \DEVICE\HARDDISKVOLUME2\WINDOWS\SYSTEM32\WOW64WIN.DLL, \DEVICE\HARDDISKVOLUME2\WINDOWS\SYSTEM32\WOW64CPU.DLL, \DEVICE\HARDDISKVOLUME2\WINDOWS\SYSTEM32\KERNEL32.DLL, \DEVICE\HARDDISKVOLUME2\WINDOWS\SYSWOW64\KERNEL32.DLL, \DEVICE\HARDDISKVOLUME2\WINDOWS\SYSTEM32\USER32.DLL, \DEVICE\HARDDISKVOLUME2\WINDOWS\SYSWOW64\NTDLL.DLL, \DEVICE\HARDDISKVOLUME2\WINDOWS\SYSTEM32\APISETSCHEMA.DLL, \DEVICE\HARDDISKVOLUME2\WINDOWS\SYSWOW64\KERNELBASE.DLL, \DEVICE\HARDDISKVOLUME2\WINDOWS\SYSTEM32\LOCALE.NLS, \DEVICE\HARDDISKVOLUME2\WINDOWS\SYSWOW64\CMD.EXE, \DEVICE\HARDDISKVOLUME2\WINDOWS\SYSWOW64\MSVCRT.DLL, \DEVICE\HARDDISKVOLUME2\$MFT, \DEVICE\HARDDISKVOLUME2\USERS\STUDENT\APPDATA\LOCAL\TEMP\{74D9701A-365F-4557-B5E3-6A73D98AF2F8}\ACCESSDATA_FTK_IMAGER_(X64).MSI, \DEVICE\HARDDISKVOLUME2\WINDOWS\SYSWOW64\USER32.DLL, \DEVICE\HARDDISKVOLUME2\WINDOWS\SYSWOW64\GDI32.DLL, \DEVICE\HARDDISKVOLUME2\WINDOWS\SYSWOW64\LPK.DLL, \DEVICE\HARDDISKVOLUME2\WINDOWS\SYSWOW64\USP10.DLL, \DEVICE\HARDDISKVOLUME2\WINDOWS\SYSWOW64\ADVAPI32.DLL, \DEVICE\HARDDISKVOLUME2\WINDOWS\SYSWOW64\SECHOST.DLL, \DEVICE\HARDDISKVOLUME2\WINDOWS\SYSWOW64\RPCRT4.DLL, \DEVICE\HARDDISKVOLUME2\WINDOWS\SYSWOW64\SSPICLI.DLL, \DEVICE\HARDDISKVOLUME2\WINDOWS\SYSWOW64\CRYPTBASE.DLL, \DEVICE\HARDDISKVOLUME2\WINDOWS\SYSWOW64\IMM32.DLL, \DEVICE\HARDDISKVOLUME2\WINDOWS\SYSWOW64\MSCTF.DLL",False
,C:\Users\BRIANNA\OneDrive\Documents\GitHub\NSSECU3_MP2\win7_files\Prefetch\CONHOST.EXE-1F3E9D7E.pf,1979-12-31 16:00:00,2025-02-18 17:39:10,2025-02-19 10:02:46,CONHOST.EXE,1F3E9D7E,14496,Windows Vista or Windows 7,2,2025-02-18 17:13:33,,,,,,,,\DEVICE\HARDDISKVOLUME2,84AABEBE,2024-05-27 03:33:38,,,,"\DEVICE\HARDDISKVOLUME2\WINDOWS, \DEVICE\HARDDISKVOLUME2\WINDOWS\FONTS, \DEVICE\HARDDISKVOLUME2\WINDOWS\GLOBALIZATION, \DEVICE\HARDDISKVOLUME2\WINDOWS\GLOBALIZATION\SORTING, \DEVICE\HARDDISKVOLUME2\WINDOWS\SYSTEM32, \DEVICE\HARDDISKVOLUME2\WINDOWS\SYSTEM32\EN-US, \DEVICE\HARDDISKVOLUME2\WINDOWS\WINSXS\AMD64_MICROSOFT.WINDOWS.COMMON-CONTROLS_6595B64144CCF1DF_6.0.7601.17514_NONE_FA396087175AC9AC","\DEVICE\HARDDISKVOLUME2\WINDOWS\SYSTEM32\NTDLL.DLL, \DEVICE\HARDDISKVOLUME2\WINDOWS\SYSTEM32\KERNEL32.DLL, \DEVICE\HARDDISKVOLUME2\WINDOWS\SYSTEM32\APISETSCHEMA.DLL, \DEVICE\HARDDISKVOLUME2\WINDOWS\SYSTEM32\KERNELBASE.DLL, \DEVICE\HARDDISKVOLUME2\WINDOWS\SYSTEM32\LOCALE.NLS, \DEVICE\HARDDISKVOLUME2\WINDOWS\SYSTEM32\CONHOST.EXE, \DEVICE\HARDDISKVOLUME2\WINDOWS\SYSTEM32\GDI32.DLL, \DEVICE\HARDDISKVOLUME2\WINDOWS\SYSTEM32\USER32.DLL, \DEVICE\HARDDISKVOLUME2\WINDOWS\SYSTEM32\LPK.DLL, \DEVICE\HARDDISKVOLUME2\WINDOWS\SYSTEM32\USP10.DLL, \DEVICE\HARDDISKVOLUME2\WINDOWS\SYSTEM32\MSVCRT.DLL, \DEVICE\HARDDISKVOLUME2\WINDOWS\SYSTEM32\IMM32.DLL, \DEVICE\HARDDISKVOLUME2\WINDOWS\SYSTEM32\MSCTF.DLL, \DEVICE\HARDDISKVOLUME2\WINDOWS\SYSTEM32\OLE32.DLL, \DEVICE\HARDDISKVOLUME2\WINDOWS\SYSTEM32\RPCRT4.DLL, \DEVICE\HARDDISKVOLUME2\WINDOWS\SYSTEM32\OLEAUT32.DLL, \DEVICE\HARDDISKVOLUME2\WINDOWS\SYSTEM32\EN-US\CONHOST.EXE.MUI, \DEVICE\HARDDISKVOLUME2\WINDOWS\SYSTEM32\UXTHEME.DLL, \DEVICE\HARDDISKVOLUME2\WINDOWS\GLOBALIZATION\SORTING\SORTDEFAULT.NLS, \DEVICE\HARDDISKVOLUME2\WINDOWS\SYSTEM32\CMD.EXE, \DEVICE\HARDDISKVOLUME2\WINDOWS\SYSTEM32\EN-US\CMD.EXE.MUI, \DEVICE\HARDDISKVOLUME2\WINDOWS\SYSTEM32\DWMAPI.DLL, \DEVICE\HARDDISKVOLUME2\WINDOWS\SYSTEM32\ADVAPI32.DLL, \DEVICE\HARDDISKVOLUME2\WINDOWS\SYSTEM32\SECHOST.DLL, \DEVICE\HARDDISKVOLUME2\WINDOWS\FONTS\STATICCACHE.DAT, \DEVICE\HARDDISKVOLUME2\WINDOWS\WINSXS\AMD64_MICROSOFT.WINDOWS.COMMON-CONTROLS_6595B64144CCF1DF_6.0.7601.17514_NONE_FA396087175AC9AC\COMCTL32.DLL, \DEVICE\HARDDISKVOLUME2\WINDOWS\SYSTEM32\SHLWAPI.DLL, \DEVICE\HARDDISKVOLUME2\WINDOWS\WINDOWSSHELL.MANIFEST",False
,C:\Users\BRIANNA\OneDrive\Documents\GitHub\NSSECU3_MP2\win7_files\Prefetch\CONSENT.EXE-531BD9EA.pf,1979-12-31 16:00:00,2025-02-18 17:39:10,2025-02-19 10:02:46,CONSENT.EXE,531BD9EA,107426,Windows Vista or Windows 7,3,2025-02-18 17:16:59,,,,,,,,\DEVICE\HARDDISKVOLUME2,84AABEBE,2024-05-27 03:33:38,,,,"\DEVICE\HARDDISKVOLUME2\WINDOWS, \DEVICE\HARDDISKVOLUME2\WINDOWS\GLOBALIZATION, \DEVICE\HARDDISKVOLUME2\WINDOWS\GLOBALIZATION\SORTING, \DEVICE\HARDDISKVOLUME2\WINDOWS\SYSTEM32, \DEVICE\HARDDISKVOLUME2\WINDOWS\SYSTEM32\EN-US, \DEVICE\HARDDISKVOLUME2\WINDOWS\WINSXS\AMD64_MICROSOFT.WINDOWS.COMMON-CONTROLS_6595B64144CCF1DF_6.0.7601.17514_NONE_FA396087175AC9AC","\DEVICE\HARDDISKVOLUME2\WINDOWS\SYSTEM32\NTDLL.DLL, \DEVICE\HARDDISKVOLUME2\WINDOWS\SYSTEM32\KERNEL32.DLL, \DEVICE\HARDDISKVOLUME2\WINDOWS\SYSTEM32\APISETSCHEMA.DLL, \DEVICE\HARDDISKVOLUME2\WINDOWS\SYSTEM32\KERNELBASE.DLL, \DEVICE\HARDDISKVOLUME2\WINDOWS\SYSTEM32\LOCALE.NLS, \DEVICE\HARDDISKVOLUME2\WINDOWS\SYSTEM32\CONSENT.EXE, \DEVICE\HARDDISKVOLUME2\WINDOWS\SYSTEM32\ADVAPI32.DLL, \DEVICE\HARDDISKVOLUME2\WINDOWS\SYSTEM32\MSVCRT.DLL, \DEVICE\HARDDISKVOLUME2\WINDOWS\SYSTEM32\SECHOST.DLL, \DEVICE\HARDDISKVOLUME2\WINDOWS\SYSTEM32\RPCRT4.DLL, \DEVICE\HARDDISKVOLUME2\WINDOWS\SYSTEM32\GDI32.DLL, \DEVICE\HARDDISKVOLUME2\WINDOWS\SYSTEM32\USER32.DLL, \DEVICE\HARDDISKVOLUME2\WINDOWS\SYSTEM32\LPK.DLL, \DEVICE\HARDDISKVOLUME2\WINDOWS\SYSTEM32\USP10.DLL, \DEVICE\HARDDISKVOLUME2\WINDOWS\SYSTEM32\OLE32.DLL, \DEVICE\HARDDISKVOLUME2\WINDOWS\SYSTEM32\MSIMG32.DLL, \DEVICE\HARDDISKVOLUME2\WINDOWS\SYSTEM32\WMSGAPI.DLL, \DEVICE\HARDDISKVOLUME2\WINDOWS\SYSTEM32\WTSAPI32.DLL, \DEVICE\HARDDISKVOLUME2\WINDOWS\SYSTEM32\WINMM.DLL, \DEVICE\HARDDISKVOLUME2\WINDOWS\SYSTEM32\USERENV.DLL, \DEVICE\HARDDISKVOLUME2\WINDOWS\SYSTEM32\PROFAPI.DLL, \DEVICE\HARDDISKVOLUME2\WINDOWS\SYSTEM32\WINSTA.DLL, \DEVICE\HARDDISKVOLUME2\WINDOWS\SYSTEM32\CRYPT32.DLL, \DEVICE\HARDDISKVOLUME2\WINDOWS\SYSTEM32\MSASN1.DLL, \DEVICE\HARDDISKVOLUME2\WINDOWS\SYSTEM32\MSCTFMONITOR.DLL, \DEVICE\HARDDISKVOLUME2\WINDOWS\SYSTEM32\MSCTF.DLL, \DEVICE\HARDDISKVOLUME2\WINDOWS\SYSTEM32\IMM32.DLL, \DEVICE\HARDDISKVOLUME2\WINDOWS\SYSTEM32\MSUTB.DLL, \DEVICE\HARDDISKVOLUME2\WINDOWS\WINSXS\AMD64_MICROSOFT.WINDOWS.COMMON-CONTROLS_6595B64144CCF1DF_6.0.7601.17514_NONE_FA396087175AC9AC\COMCTL32.DLL, \DEVICE\HARDDISKVOLUME2\WINDOWS\SYSTEM32\SHLWAPI.DLL, \DEVICE\HARDDISKVOLUME2\WINDOWS\SYSTEM32\EN-US\CONSENT.EXE.MUI, \DEVICE\HARDDISKVOLUME2\WINDOWS\WINDOWSSHELL.MANIFEST, \DEVICE\HARDDISKVOLUME2\WINDOWS\SYSTEM32\SECUR32.DLL, \DEVICE\HARDDISKVOLUME2\WINDOWS\SYSTEM32\SSPICLI.DLL, \DEVICE\HARDDISKVOLUME2\WINDOWS\SYSTEM32\SHELL32.DLL, \DEVICE\HARDDISKVOLUME2\WINDOWS\SYSTEM32\RPCSS.DLL, \DEVICE\HARDDISKVOLUME2\WINDOWS\SYSTEM32\CRYPTBASE.DLL, \DEVICE\HARDDISKVOLUME2\WINDOWS\SYSTEM32\UXTHEME.DLL, \DEVICE\HARDDISKVOLUME2\WINDOWS\SYSTEM32\WINTRUST.DLL, \DEVICE\HARDDISKVOLUME2\WINDOWS\SYSTEM32\CRYPTSP.DLL, \DEVICE\HARDDISKVOLUME2\WINDOWS\SYSTEM32\RSAENH.DLL, \DEVICE\HARDDISKVOLUME2\WINDOWS\SYSTEM32\SYSTEMPROPERTIESREMOTE.EXE, \DEVICE\HARDDISKVOLUME2\WINDOWS\GLOBALIZATION\SORTING\SORTDEFAULT.NLS, \DEVICE\HARDDISKVOLUME2\WINDOWS\SYSTEM32\IMAGEHLP.DLL, \DEVICE\HARDDISKVOLUME2\WINDOWS\SYSTEM32\BCRYPT.DLL, \DEVICE\HARDDISKVOLUME2\WINDOWS\SYSTEM32\BCRYPTPRIMITIVES.DLL, \DEVICE\HARDDISKVOLUME2\WINDOWS\SYSTEM32\CATROOT\{F750E6C3-38EE-11D1-85E5-00C04FC295EE}\NTEXE.CAT, \DEVICE\HARDDISKVOLUME2\WINDOWS\SYSTEM32\NCRYPT.DLL, \DEVICE\HARDDISKVOLUME2\WINDOWS\SYSTEM32\GPAPI.DLL, \DEVICE\HARDDISKVOLUME2\WINDOWS\SYSTEM32\CRYPTNET.DLL, \DEVICE\HARDDISKVOLUME2\WINDOWS\SYSTEM32\WLDAP32.DLL, \DEVICE\HARDDISKVOLUME2\WINDOWS\SYSTEM32\VERSION.DLL, \DEVICE\HARDDISKVOLUME2\WINDOWS\SYSTEM32\EN-US\SYSTEMPROPERTIESREMOTE.EXE.MUI, \DEVICE\HARDDISKVOLUME2\WINDOWS\SYSTEM32\CLBCATQ.DLL, \DEVICE\HARDDISKVOLUME2\WINDOWS\SYSTEM32\OLEAUT32.DLL, \DEVICE\HARDDISKVOLUME2\WINDOWS\SYSTEM32\URLMON.DLL, \DEVICE\HARDDISKVOLUME2\WINDOWS\SYSTEM32\WININET.DLL, \DEVICE\HARDDISKVOLUME2\WINDOWS\SYSTEM32\IERTUTIL.DLL, \DEVICE\HARDDISKVOLUME2\USERS\STUDENT\APPDATA\LOCALLOW\MICROSOFT\CRYPTNETURLCACHE\METADATA\94308059B57B3142E455B38A6EB92015, \DEVICE\HARDDISKVOLUME2\USERS\STUDENT\APPDATA\LOCALLOW\MICROSOFT\CRYPTNETURLCACHE\CONTENT\94308059B57B3142E455B38A6EB92015, \DEVICE\HARDDISKVOLUME2\$MFT, \DEVICE\HARDDISKVOLUME2\WINDOWS\SYSTEM32\SETUPAPI.DLL, \DEVICE\HARDDISKVOLUME2\WINDOWS\SYSTEM32\CFGMGR32.DLL, \DEVICE\HARDDISKVOLUME2\WINDOWS\SYSTEM32\DEVOBJ.DLL, \DEVICE\HARDDISKVOLUME2\WINDOWS\SYSTEM32\CABINET.DLL, \DEVICE\HARDDISKVOLUME2\WINDOWS\TEMP\CAB562F.TMP, \DEVICE\HARDDISKVOLUME2\WINDOWS\SYSTEM32\DEVRTL.DLL, \DEVICE\HARDDISKVOLUME2\WINDOWS\TEMP\TAR5630.TMP, \DEVICE\HARDDISKVOLUME2\USERS\STUDENT\APPDATA\LOCALLOW\MICROSOFT\CRYPTNETURLCACHE\METADATA\F0ACCF77CDCBFF39F6191887F6D2D357, \DEVICE\HARDDISKVOLUME2\USERS\STUDENT\APPDATA\LOCALLOW\MICROSOFT\CRYPTNETURLCACHE\CONTENT\F0ACCF77CDCBFF39F6191887F6D2D357, \DEVICE\HARDDISKVOLUME2\WINDOWS\SYSTEM32\EN-US\KERNELBASE.DLL.MUI, \DEVICE\HARDDISKVOLUME2\WINDOWS\TEMP\CAB5641.TMP, \DEVICE\HARDDISKVOLUME2\WINDOWS\TEMP\TAR5642.TMP, \DEVICE\HARDDISKVOLUME2\WINDOWS\SYSTEM32\DWMAPI.DLL, \DEVICE\HARDDISKVOLUME2\WINDOWS\SYSTEM32\CREDUI.DLL, \DEVICE\HARDDISKVOLUME2\WINDOWS\MEDIA\WINDOWS USER ACCOUNT CONTROL.WAV, \DEVICE\HARDDISKVOLUME2\WINDOWS\SYSTEM32\AUTHUI.DLL, \DEVICE\HARDDISKVOLUME2\WINDOWS\SYSTEM32\CRYPTUI.DLL, \DEVICE\HARDDISKVOLUME2\WINDOWS\WINSXS\AMD64_MICROSOFT.WINDOWS.GDIPLUS_6595B64144CCF1DF_1.1.7601.17514_NONE_2B24536C71ED437A\GDIPLUS.DLL, \DEVICE\HARDDISKVOLUME2\WINDOWS\SYSTEM32\MMDEVAPI.DLL, \DEVICE\HARDDISKVOLUME2\WINDOWS\SYSTEM32\PROPSYS.DLL, \DEVICE\HARDDISKVOLUME2\WINDOWS\SYSTEM32\DUI70.DLL, \DEVICE\HARDDISKVOLUME2\WINDOWS\SYSTEM32\DUSER.DLL, \DEVICE\HARDDISKVOLUME2\WINDOWS\SYSTEM32\XMLLITE.DLL, \DEVICE\HARDDISKVOLUME2\WINDOWS\SYSTEM32\IMAGERES.DLL, \DEVICE\HARDDISKVOLUME2\WINDOWS\FONTS\STATICCACHE.DAT, \DEVICE\HARDDISKVOLUME2\WINDOWS\SYSTEM32\CATROOT\{F750E6C3-38EE-11D1-85E5-00C04FC295EE}\MICROSOFT-WINDOWS-FOUNDATION-PACKAGE~31BF3856AD364E35~AMD64~~6.1.7601.17514.CAT, \DEVICE\HARDDISKVOLUME2\WINDOWS\EXPLORER.EXE",False
,C:\Users\BRIANNA\OneDrive\Documents\GitHub\NSSECU3_MP2\win7_files\Prefetch\CSRSS.EXE-3FE41F7E.pf,1979-12-31 16:00:00,2025-02-18 17:39:10,2025-02-19 10:02:46,CSRSS.EXE,3FE41F7E,19814,Windows Vista or Windows 7,2,2025-02-18 17:19:35,,,,,,,,\DEVICE\HARDDISKVOLUME2,84AABEBE,2024-05-27 03:33:38,,,,"\DEVICE\HARDDISKVOLUME2\WINDOWS, \DEVICE\HARDDISKVOLUME2\WINDOWS\FONTS, \DEVICE\HARDDISKVOLUME2\WINDOWS\SYSTEM32","\DEVICE\HARDDISKVOLUME2\WINDOWS\SYSTEM32\NTDLL.DLL, \DEVICE\HARDDISKVOLUME2\WINDOWS\SYSTEM32\CSRSS.EXE, \DEVICE\HARDDISKVOLUME2\WINDOWS\SYSTEM32\CSRSRV.DLL, \DEVICE\HARDDISKVOLUME2\WINDOWS\SYSTEM32\BASESRV.DLL, \DEVICE\HARDDISKVOLUME2\WINDOWS\SYSTEM32\WINSRV.DLL, \DEVICE\HARDDISKVOLUME2\WINDOWS\SYSTEM32\USER32.DLL, \DEVICE\HARDDISKVOLUME2\WINDOWS\SYSTEM32\GDI32.DLL, \DEVICE\HARDDISKVOLUME2\WINDOWS\SYSTEM32\APISETSCHEMA.DLL, \DEVICE\HARDDISKVOLUME2\WINDOWS\SYSTEM32\KERNEL32.DLL, \DEVICE\HARDDISKVOLUME2\WINDOWS\SYSTEM32\KERNELBASE.DLL, \DEVICE\HARDDISKVOLUME2\WINDOWS\SYSTEM32\LPK.DLL, \DEVICE\HARDDISKVOLUME2\WINDOWS\SYSTEM32\USP10.DLL, \DEVICE\HARDDISKVOLUME2\WINDOWS\SYSTEM32\MSVCRT.DLL, \DEVICE\HARDDISKVOLUME2\WINDOWS\SYSTEM32\LOCALE.NLS, \DEVICE\HARDDISKVOLUME2\WINDOWS\SYSTEM32\FNTCACHE.DAT, \DEVICE\HARDDISKVOLUME2\WINDOWS\FONTS\DOSAPP.FON, \DEVICE\HARDDISKVOLUME2\WINDOWS\FONTS\CGA40WOA.FON, \DEVICE\HARDDISKVOLUME2\WINDOWS\FONTS\CGA80WOA.FON, \DEVICE\HARDDISKVOLUME2\WINDOWS\FONTS\EGA40WOA.FON, \DEVICE\HARDDISKVOLUME2\WINDOWS\FONTS\EGA80WOA.FON, \DEVICE\HARDDISKVOLUME2\WINDOWS\SYSTEM32\SXSSRV.DLL, \DEVICE\HARDDISKVOLUME2\WINDOWS\SYSTEM32\VGA.DLL, \DEVICE\HARDDISKVOLUME2\WINDOWS\SYSTEM32\FRAMEBUF.DLL, \DEVICE\HARDDISKVOLUME2\WINDOWS\FONTS\VGASYS.FON, \DEVICE\HARDDISKVOLUME2\WINDOWS\FONTS\VGAOEM.FON, \DEVICE\HARDDISKVOLUME2\WINDOWS\FONTS\VGAFIX.FON, \DEVICE\HARDDISKVOLUME2\WINDOWS\FONTS\SEGOEUI.TTF, \DEVICE\HARDDISKVOLUME2\WINDOWS\FONTS\MARLETT.TTF, \DEVICE\HARDDISKVOLUME2\WINDOWS\SYSTEM32\SXS.DLL, \DEVICE\HARDDISKVOLUME2\WINDOWS\WINSXS\MANIFESTS\AMD64_MICROSOFT.WINDOWS.SYSTEMCOMPATIBLE_6595B64144CCF1DF_6.0.7600.16385_NONE_020095E6D39A70FD.MANIFEST, \DEVICE\HARDDISKVOLUME2\WINDOWS\WINSXS\MANIFESTS\AMD64_MICROSOFT.WINDOWS.ISOLATIONAUTOMATION_6595B64144CCF1DF_1.0.0.0_NONE_EE2620CF57BC84DE.MANIFEST, \DEVICE\HARDDISKVOLUME2\WINDOWS\SYSTEM32\RPCRT4.DLL, \DEVICE\HARDDISKVOLUME2\WINDOWS\SYSTEM32\CRYPTBASE.DLL, \DEVICE\HARDDISKVOLUME2\WINDOWS\WINSXS\MANIFESTS\AMD64_MICROSOFT.WINDOWS.GDIPLUS_6595B64144CCF1DF_1.1.7601.17514_NONE_2B24536C71ED437A.MANIFEST, \DEVICE\HARDDISKVOLUME2\WINDOWS\WINSXS\MANIFESTS\AMD64_MICROSOFT.WINDOWS.COMMON-CONTROLS_6595B64144CCF1DF_5.82.7601.17514_NONE_A4D6A923711520A9.MANIFEST, \DEVICE\HARDDISKVOLUME2\WINDOWS\WINSXS\MANIFESTS\AMD64_MICROSOFT.WINDOWS.I..UTOMATION.PROXYSTUB_6595B64144CCF1DF_1.0.7600.16385_NONE_556753B6A456F932.MANIFEST, \DEVICE\HARDDISKVOLUME2\WINDOWS\WINSXS\MANIFESTS\AMD64_MICROSOFT.WINDOWS.C..-CONTROLS.RESOURCES_6595B64144CCF1DF_5.82.7600.16385_EN-US_BA5641D1849F93BC.MANIFEST, \DEVICE\HARDDISKVOLUME2\WINDOWS\WINSXS\MANIFESTS\AMD64_MICROSOFT.WINDOWS.COMMON-CONTROLS_6595B64144CCF1DF_6.0.7601.17514_NONE_FA396087175AC9AC.MANIFEST, \DEVICE\HARDDISKVOLUME2\WINDOWS\WINSXS\MANIFESTS\AMD64_MICROSOFT.WINDOWS.C..-CONTROLS.RESOURCES_6595B64144CCF1DF_6.0.7600.16385_EN-US_106F9BE843A9B4E3.MANIFEST, \DEVICE\HARDDISKVOLUME2\WINDOWS\FONTS\MODERN.FON, \DEVICE\HARDDISKVOLUME2\WINDOWS\FONTS\ROMAN.FON, \DEVICE\HARDDISKVOLUME2\WINDOWS\FONTS\SCRIPT.FON, \DEVICE\HARDDISKVOLUME2\WINDOWS\FONTS\COURE.FON, \DEVICE\HARDDISKVOLUME2\WINDOWS\FONTS\SERIFE.FON, \DEVICE\HARDDISKVOLUME2\WINDOWS\FONTS\SSERIFE.FON, \DEVICE\HARDDISKVOLUME2\WINDOWS\FONTS\SMALLE.FON, \DEVICE\HARDDISKVOLUME2\WINDOWS\FONTS\SMALLF.FON, \DEVICE\HARDDISKVOLUME2\WINDOWS\WINDOWSSHELL.MANIFEST, \DEVICE\HARDDISKVOLUME2\$MFT, \DEVICE\HARDDISKVOLUME2\WINDOWS\SYSTEM32\RDPDD.DLL",False
,C:\Users\BRIANNA\OneDrive\Documents\GitHub\NSSECU3_MP2\win7_files\Prefetch\DLLHOST.EXE-766398D2.pf,1979-12-31 16:00:00,2025-02-18 17:39:10,2025-02-19 10:02:46,DLLHOST.EXE,766398D2,17452,Windows Vista or Windows 7,4,2025-02-18 17:16:59,,,,,,,,\DEVICE\HARDDISKVOLUME2,84AABEBE,2024-05-27 03:33:38,,,,"\DEVICE\HARDDISKVOLUME2\WINDOWS, \DEVICE\HARDDISKVOLUME2\WINDOWS\GLOBALIZATION, \DEVICE\HARDDISKVOLUME2\WINDOWS\GLOBALIZATION\SORTING, \DEVICE\HARDDISKVOLUME2\WINDOWS\SYSTEM32, \DEVICE\HARDDISKVOLUME2\WINDOWS\WINSXS\AMD64_MICROSOFT.WINDOWS.COMMON-CONTROLS_6595B64144CCF1DF_5.82.7601.17514_NONE_A4D6A923711520A9","\DEVICE\HARDDISKVOLUME2\WINDOWS\SYSTEM32\NTDLL.DLL, \DEVICE\HARDDISKVOLUME2\WINDOWS\SYSTEM32\KERNEL32.DLL, \DEVICE\HARDDISKVOLUME2\WINDOWS\SYSTEM32\APISETSCHEMA.DLL, \DEVICE\HARDDISKVOLUME2\WINDOWS\SYSTEM32\KERNELBASE.DLL, \DEVICE\HARDDISKVOLUME2\WINDOWS\SYSTEM32\LOCALE.NLS, \DEVICE\HARDDISKVOLUME2\WINDOWS\SYSTEM32\DLLHOST.EXE, \DEVICE\HARDDISKVOLUME2\WINDOWS\SYSTEM32\MSVCRT.DLL, \DEVICE\HARDDISKVOLUME2\WINDOWS\SYSTEM32\OLE32.DLL, \DEVICE\HARDDISKVOLUME2\WINDOWS\SYSTEM32\GDI32.DLL, \DEVICE\HARDDISKVOLUME2\WINDOWS\SYSTEM32\USER32.DLL, \DEVICE\HARDDISKVOLUME2\WINDOWS\SYSTEM32\LPK.DLL, \DEVICE\HARDDISKVOLUME2\WINDOWS\SYSTEM32\USP10.DLL, \DEVICE\HARDDISKVOLUME2\WINDOWS\SYSTEM32\RPCRT4.DLL, \DEVICE\HARDDISKVOLUME2\WINDOWS\SYSTEM32\IMM32.DLL, \DEVICE\HARDDISKVOLUME2\WINDOWS\SYSTEM32\MSCTF.DLL, \DEVICE\HARDDISKVOLUME2\WINDOWS\SYSTEM32\RPCSS.DLL, \DEVICE\HARDDISKVOLUME2\WINDOWS\SYSTEM32\CRYPTBASE.DLL, \DEVICE\HARDDISKVOLUME2\WINDOWS\SYSTEM32\CLBCATQ.DLL, \DEVICE\HARDDISKVOLUME2\WINDOWS\SYSTEM32\ADVAPI32.DLL, \DEVICE\HARDDISKVOLUME2\WINDOWS\SYSTEM32\SECHOST.DLL, \DEVICE\HARDDISKVOLUME2\WINDOWS\SYSTEM32\OLEAUT32.DLL, \DEVICE\HARDDISKVOLUME2\WINDOWS\SYSTEM32\CRYPTSP.DLL, \DEVICE\HARDDISKVOLUME2\WINDOWS\SYSTEM32\RSAENH.DLL, \DEVICE\HARDDISKVOLUME2\WINDOWS\GLOBALIZATION\SORTING\SORTDEFAULT.NLS, \DEVICE\HARDDISKVOLUME2\WINDOWS\SYSTEM32\RPCRTREMOTE.DLL, \DEVICE\HARDDISKVOLUME2\WINDOWS\SYSTEM32\SHACCT.DLL, \DEVICE\HARDDISKVOLUME2\WINDOWS\WINSXS\AMD64_MICROSOFT.WINDOWS.COMMON-CONTROLS_6595B64144CCF1DF_5.82.7601.17514_NONE_A4D6A923711520A9\COMCTL32.DLL, \DEVICE\HARDDISKVOLUME2\WINDOWS\SYSTEM32\SHLWAPI.DLL, \DEVICE\HARDDISKVOLUME2\WINDOWS\SYSTEM32\USERENV.DLL, \DEVICE\HARDDISKVOLUME2\WINDOWS\SYSTEM32\PROFAPI.DLL, \DEVICE\HARDDISKVOLUME2\WINDOWS\SYSTEM32\IDSTORE.DLL, \DEVICE\HARDDISKVOLUME2\WINDOWS\SYSTEM32\UXTHEME.DLL",False
,C:\Users\BRIANNA\OneDrive\Documents\GitHub\NSSECU3_MP2\win7_files\Prefetch\DLLHOST.EXE-824949B9.pf,1979-12-31 16:00:00,2025-02-18 17:39:10,2025-02-19 10:02:46,DLLHOST.EXE,824949B9,19222,Windows Vista or Windows 7,1,2025-02-18 17:06:14,,,,,,,,\DEVICE\HARDDISKVOLUME2,84AABEBE,2024-05-27 03:33:38,,,,"\DEVICE\HARDDISKVOLUME2\$EXTEND, \DEVICE\HARDDISKVOLUME2\WINDOWS, \DEVICE\HARDDISKVOLUME2\WINDOWS\GLOBALIZATION, \DEVICE\HARDDISKVOLUME2\WINDOWS\GLOBALIZATION\SORTING, \DEVICE\HARDDISKVOLUME2\WINDOWS\SYSTEM32","\DEVICE\HARDDISKVOLUME2\WINDOWS\SYSTEM32\NTDLL.DLL, \DEVICE\HARDDISKVOLUME2\WINDOWS\SYSTEM32\KERNEL32.DLL, \DEVICE\HARDDISKVOLUME2\WINDOWS\SYSTEM32\APISETSCHEMA.DLL, \DEVICE\HARDDISKVOLUME2\WINDOWS\SYSTEM32\KERNELBASE.DLL, \DEVICE\HARDDISKVOLUME2\WINDOWS\SYSTEM32\LOCALE.NLS, \DEVICE\HARDDISKVOLUME2\WINDOWS\SYSTEM32\DLLHOST.EXE, \DEVICE\HARDDISKVOLUME2\WINDOWS\SYSTEM32\MSVCRT.DLL, \DEVICE\HARDDISKVOLUME2\WINDOWS\SYSTEM32\OLE32.DLL, \DEVICE\HARDDISKVOLUME2\WINDOWS\SYSTEM32\GDI32.DLL, \DEVICE\HARDDISKVOLUME2\WINDOWS\SYSTEM32\USER32.DLL, \DEVICE\HARDDISKVOLUME2\WINDOWS\SYSTEM32\LPK.DLL, \DEVICE\HARDDISKVOLUME2\WINDOWS\SYSTEM32\USP10.DLL, \DEVICE\HARDDISKVOLUME2\WINDOWS\SYSTEM32\RPCRT4.DLL, \DEVICE\HARDDISKVOLUME2\WINDOWS\SYSTEM32\IMM32.DLL, \DEVICE\HARDDISKVOLUME2\WINDOWS\SYSTEM32\MSCTF.DLL, \DEVICE\HARDDISKVOLUME2\WINDOWS\SYSTEM32\RPCSS.DLL, \DEVICE\HARDDISKVOLUME2\WINDOWS\SYSTEM32\CRYPTBASE.DLL, \DEVICE\HARDDISKVOLUME2\WINDOWS\SYSTEM32\CLBCATQ.DLL, \DEVICE\HARDDISKVOLUME2\WINDOWS\SYSTEM32\ADVAPI32.DLL, \DEVICE\HARDDISKVOLUME2\WINDOWS\SYSTEM32\SECHOST.DLL, \DEVICE\HARDDISKVOLUME2\WINDOWS\SYSTEM32\OLEAUT32.DLL, \DEVICE\HARDDISKVOLUME2\WINDOWS\SYSTEM32\CRYPTSP.DLL, \DEVICE\HARDDISKVOLUME2\WINDOWS\SYSTEM32\RSAENH.DLL, \DEVICE\HARDDISKVOLUME2\WINDOWS\GLOBALIZATION\SORTING\SORTDEFAULT.NLS, \DEVICE\HARDDISKVOLUME2\WINDOWS\SYSTEM32\RPCRTREMOTE.DLL, \DEVICE\HARDDISKVOLUME2\WINDOWS\SYSTEM32\UXTHEME.DLL, \DEVICE\HARDDISKVOLUME2\WINDOWS\SYSTEM32\SHELL32.DLL, \DEVICE\HARDDISKVOLUME2\WINDOWS\SYSTEM32\SHLWAPI.DLL, \DEVICE\HARDDISKVOLUME2\WINDOWS\SYSTEM32\ACTXPRXY.DLL, \DEVICE\HARDDISKVOLUME2\WINDOWS\SYSTEM32\NTMARTA.DLL, \DEVICE\HARDDISKVOLUME2\WINDOWS\SYSTEM32\WLDAP32.DLL",False
,C:\Users\BRIANNA\OneDrive\Documents\GitHub\NSSECU3_MP2\win7_files\Prefetch\DRVINST.EXE-4CB4314A.pf,1979-12-31 16:00:00,2025-02-18 17:39:10,2025-02-19 10:02:46,DRVINST.EXE,4CB4314A,35288,Windows Vista or Windows 7,1,2025-02-18 17:07:59,,,,,,,,\DEVICE\HARDDISKVOLUME2,84AABEBE,2024-05-27 03:33:38,,,,"\DEVICE\HARDDISKVOLUME2\$EXTEND, \DEVICE\HARDDISKVOLUME2\WINDOWS, \DEVICE\HARDDISKVOLUME2\WINDOWS\GLOBALIZATION, \DEVICE\HARDDISKVOLUME2\WINDOWS\GLOBALIZATION\SORTING, \DEVICE\HARDDISKVOLUME2\WINDOWS\INF, \DEVICE\HARDDISKVOLUME2\WINDOWS\SYSTEM32, \DEVICE\HARDDISKVOLUME2\WINDOWS\SYSTEM32\CATROOT, \DEVICE\HARDDISKVOLUME2\WINDOWS\SYSTEM32\CATROOT\{F750E6C3-38EE-11D1-85E5-00C04FC295EE}, \DEVICE\HARDDISKVOLUME2\WINDOWS\SYSTEM32\CONFIG, \DEVICE\HARDDISKVOLUME2\WINDOWS\SYSTEM32\CONFIG\SYSTEMPROFILE, \DEVICE\HARDDISKVOLUME2\WINDOWS\SYSTEM32\CONFIG\SYSTEMPROFILE\APPDATA, \DEVICE\HARDDISKVOLUME2\WINDOWS\SYSTEM32\CONFIG\SYSTEMPROFILE\APPDATA\LOCALLOW, \DEVICE\HARDDISKVOLUME2\WINDOWS\SYSTEM32\CONFIG\SYSTEMPROFILE\APPDATA\LOCALLOW\MICROSOFT, \DEVICE\HARDDISKVOLUME2\WINDOWS\SYSTEM32\CONFIG\SYSTEMPROFILE\APPDATA\LOCALLOW\MICROSOFT\CRYPTNETURLCACHE, \DEVICE\HARDDISKVOLUME2\WINDOWS\SYSTEM32\DRIVERSTORE, \DEVICE\HARDDISKVOLUME2\WINDOWS\SYSTEM32\DRIVERSTORE\FILEREPOSITORY, \DEVICE\HARDDISKVOLUME2\WINDOWS\SYSTEM32\DRIVERSTORE\FILEREPOSITORY\VOLSNAP.INF_AMD64_NEUTRAL_7499A4FAC85B39FC, \DEVICE\HARDDISKVOLUME2\WINDOWS\SYSTEM32\EN-US","\DEVICE\HARDDISKVOLUME2\WINDOWS\SYSTEM32\NTDLL.DLL, \DEVICE\HARDDISKVOLUME2\WINDOWS\SYSTEM32\KERNEL32.DLL, \DEVICE\HARDDISKVOLUME2\WINDOWS\SYSTEM32\APISETSCHEMA.DLL, \DEVICE\HARDDISKVOLUME2\WINDOWS\SYSTEM32\KERNELBASE.DLL, \DEVICE\HARDDISKVOLUME2\WINDOWS\SYSTEM32\LOCALE.NLS, \DEVICE\HARDDISKVOLUME2\WINDOWS\SYSTEM32\DRVINST.EXE, \DEVICE\HARDDISKVOLUME2\WINDOWS\SYSTEM32\MSVCRT.DLL, \DEVICE\HARDDISKVOLUME2\WINDOWS\SYSTEM32\SETUPAPI.DLL, \DEVICE\HARDDISKVOLUME2\WINDOWS\SYSTEM32\CFGMGR32.DLL, \DEVICE\HARDDISKVOLUME2\WINDOWS\SYSTEM32\RPCRT4.DLL, \DEVICE\HARDDISKVOLUME2\WINDOWS\SYSTEM32\ADVAPI32.DLL, \DEVICE\HARDDISKVOLUME2\WINDOWS\SYSTEM32\SECHOST.DLL, \DEVICE\HARDDISKVOLUME2\WINDOWS\SYSTEM32\GDI32.DLL, \DEVICE\HARDDISKVOLUME2\WINDOWS\SYSTEM32\USER32.DLL, \DEVICE\HARDDISKVOLUME2\WINDOWS\SYSTEM32\LPK.DLL, \DEVICE\HARDDISKVOLUME2\WINDOWS\SYSTEM32\USP10.DLL, \DEVICE\HARDDISKVOLUME2\WINDOWS\SYSTEM32\OLEAUT32.DLL, \DEVICE\HARDDISKVOLUME2\WINDOWS\SYSTEM32\OLE32.DLL, \DEVICE\HARDDISKVOLUME2\WINDOWS\SYSTEM32\DEVOBJ.DLL, \DEVICE\HARDDISKVOLUME2\WINDOWS\SYSTEM32\DEVRTL.DLL, \DEVICE\HARDDISKVOLUME2\WINDOWS\SYSTEM32\IMM32.DLL, \DEVICE\HARDDISKVOLUME2\WINDOWS\SYSTEM32\MSCTF.DLL, \DEVICE\HARDDISKVOLUME2\WINDOWS\SYSTEM32\EN-US\DRVINST.EXE.MUI, \DEVICE\HARDDISKVOLUME2\WINDOWS\INF\SETUPAPI.EV3, \DEVICE\HARDDISKVOLUME2\WINDOWS\GLOBALIZATION\SORTING\SORTDEFAULT.NLS, \DEVICE\HARDDISKVOLUME2\WINDOWS\INF\SETUPAPI.EV1, \DEVICE\HARDDISKVOLUME2\WINDOWS\INF\SETUPAPI.DEV.LOG, \DEVICE\HARDDISKVOLUME2\WINDOWS\SYSTEM32\DRIVERSTORE\INFPUB.DAT, \DEVICE\HARDDISKVOLUME2\WINDOWS\SYSTEM32\DRIVERSTORE\INFSTRNG.DAT, \DEVICE\HARDDISKVOLUME2\WINDOWS\SYSTEM32\DRIVERSTORE\INFCACHE.1, \DEVICE\HARDDISKVOLUME2\WINDOWS\SYSTEM32\DRIVERSTORE\INFSTOR.DAT, \DEVICE\HARDDISKVOLUME2\WINDOWS\SYSTEM32\SPINF.DLL, \DEVICE\HARDDISKVOLUME2\$MFT, \DEVICE\HARDDISKVOLUME2\WINDOWS\SYSTEM32\DRIVERSTORE\FILEREPOSITORY\VOLSNAP.INF_AMD64_NEUTRAL_7499A4FAC85B39FC\VOLSNAP.PNF, \DEVICE\HARDDISKVOLUME2\WINDOWS\INF\APPS.INF, \DEVICE\HARDDISKVOLUME2\WINDOWS\INF\DEFLTBASE.INF, \DEVICE\HARDDISKVOLUME2\WINDOWS\INF\DSHOWEXT.INF, \DEVICE\HARDDISKVOLUME2\WINDOWS\INF\DWUP.INF, \DEVICE\HARDDISKVOLUME2\WINDOWS\INF\ERRATA.INF, \DEVICE\HARDDISKVOLUME2\WINDOWS\INF\FONTSETUP.INF, \DEVICE\HARDDISKVOLUME2\WINDOWS\INF\LLTDIO.INF, \DEVICE\HARDDISKVOLUME2\WINDOWS\INF\NDISCAP.INF, \DEVICE\HARDDISKVOLUME2\WINDOWS\INF\NDISUIO.INF, \DEVICE\HARDDISKVOLUME2\WINDOWS\INF\NETAVPNA.INF, \DEVICE\HARDDISKVOLUME2\WINDOWS\INF\NETAVPNT.INF, \DEVICE\HARDDISKVOLUME2\WINDOWS\INF\NETBRDGM.INF, \DEVICE\HARDDISKVOLUME2\WINDOWS\INF\NETBRDGS.INF, \DEVICE\HARDDISKVOLUME2\WINDOWS\INF\NETIP6.INF, \DEVICE\HARDDISKVOLUME2\WINDOWS\INF\NETMSCLI.INF, \DEVICE\HARDDISKVOLUME2\WINDOWS\INF\NETNB.INF, \DEVICE\HARDDISKVOLUME2\WINDOWS\INF\NETNWIFI.INF, \DEVICE\HARDDISKVOLUME2\WINDOWS\INF\NETPACER.INF, \DEVICE\HARDDISKVOLUME2\WINDOWS\INF\NETPGM.INF, \DEVICE\HARDDISKVOLUME2\WINDOWS\INF\NETRASA.INF, \DEVICE\HARDDISKVOLUME2\WINDOWS\INF\NETRASS.INF, \DEVICE\HARDDISKVOLUME2\WINDOWS\INF\NETRAST.INF, \DEVICE\HARDDISKVOLUME2\WINDOWS\INF\NETSERV.INF, \DEVICE\HARDDISKVOLUME2\WINDOWS\INF\NETSSTPA.INF, \DEVICE\HARDDISKVOLUME2\WINDOWS\INF\NETSSTPT.INF, \DEVICE\HARDDISKVOLUME2\WINDOWS\INF\NETTCPIP.INF, \DEVICE\HARDDISKVOLUME2\WINDOWS\INF\NETVWIFIFLT.INF, \DEVICE\HARDDISKVOLUME2\WINDOWS\INF\NETVWIFIMP.INF, \DEVICE\HARDDISKVOLUME2\WINDOWS\INF\PRINTUPG.INF, \DEVICE\HARDDISKVOLUME2\WINDOWS\INF\PUWK.INF, \DEVICE\HARDDISKVOLUME2\WINDOWS\INF\RSPNDR.INF, \DEVICE\HARDDISKVOLUME2\WINDOWS\INF\SCEREGVL.INF, \DEVICE\HARDDISKVOLUME2\WINDOWS\INF\SECRECS.INF, \DEVICE\HARDDISKVOLUME2\WINDOWS\INF\WFPLWF.INF, \DEVICE\HARDDISKVOLUME2\WINDOWS\SYSTEM32\WINTRUST.DLL, \DEVICE\HARDDISKVOLUME2\WINDOWS\SYSTEM32\CRYPT32.DLL, \DEVICE\HARDDISKVOLUME2\WINDOWS\SYSTEM32\MSASN1.DLL, \DEVICE\HARDDISKVOLUME2\WINDOWS\INF\VOLSNAP.PNF, \DEVICE\HARDDISKVOLUME2\WINDOWS\INF\VOLSNAP.INF, \DEVICE\HARDDISKVOLUME2\WINDOWS\SYSTEM32\CRYPTSP.DLL, \DEVICE\HARDDISKVOLUME2\WINDOWS\SYSTEM32\RSAENH.DLL, \DEVICE\HARDDISKVOLUME2\WINDOWS\SYSTEM32\CRYPTBASE.DLL, \DEVICE\HARDDISKVOLUME2\WINDOWS\SYSTEM32\CATROOT\{F750E6C3-38EE-11D1-85E5-00C04FC295EE}\MICROSOFT-WINDOWS-COMMON-DRIVERS-PACKAGE~31BF3856AD364E35~AMD64~~6.1.7601.17514.CAT, \DEVICE\HARDDISKVOLUME2\WINDOWS\SYSTEM32\NCRYPT.DLL, \DEVICE\HARDDISKVOLUME2\WINDOWS\SYSTEM32\BCRYPT.DLL, \DEVICE\HARDDISKVOLUME2\WINDOWS\SYSTEM32\BCRYPTPRIMITIVES.DLL, \DEVICE\HARDDISKVOLUME2\WINDOWS\SYSTEM32\USERENV.DLL, \DEVICE\HARDDISKVOLUME2\WINDOWS\SYSTEM32\PROFAPI.DLL, \DEVICE\HARDDISKVOLUME2\WINDOWS\SYSTEM32\GPAPI.DLL, \DEVICE\HARDDISKVOLUME2\WINDOWS\SYSTEM32\CRYPTNET.DLL, \DEVICE\HARDDISKVOLUME2\WINDOWS\SYSTEM32\WLDAP32.DLL, \DEVICE\HARDDISKVOLUME2\WINDOWS\SYSTEM32\SHLWAPI.DLL, \DEVICE\HARDDISKVOLUME2\WINDOWS\SYSTEM32\SPFILEQ.DLL",False
,C:\Users\BRIANNA\OneDrive\Documents\GitHub\NSSECU3_MP2\win7_files\Prefetch\EXPLORER.EXE-A80E4F97.pf,1979-12-31 16:00:00,2025-02-18 17:39:10,2025-02-19 10:02:46,EXPLORER.EXE,A80E4F97,27466,Windows Vista or Windows 7,2,2025-02-18 17:33:25,,,,,,,,\DEVICE\HARDDISKVOLUME2,84AABEBE,2024-05-27 03:33:38,,,,"\DEVICE\HARDDISKVOLUME2\WINDOWS, \DEVICE\HARDDISKVOLUME2\WINDOWS\GLOBALIZATION, \DEVICE\HARDDISKVOLUME2\WINDOWS\GLOBALIZATION\SORTING, \DEVICE\HARDDISKVOLUME2\WINDOWS\SYSTEM32, \DEVICE\HARDDISKVOLUME2\WINDOWS\WINSXS\AMD64_MICROSOFT.WINDOWS.COMMON-CONTROLS_6595B64144CCF1DF_6.0.7601.17514_NONE_FA396087175AC9AC, \DEVICE\HARDDISKVOLUME2\WINDOWS\WINSXS\AMD64_MICROSOFT.WINDOWS.GDIPLUS_6595B64144CCF1DF_1.1.7601.17514_NONE_2B24536C71ED437A","\DEVICE\HARDDISKVOLUME2\WINDOWS\SYSTEM32\NTDLL.DLL, \DEVICE\HARDDISKVOLUME2\WINDOWS\SYSTEM32\KERNEL32.DLL, \DEVICE\HARDDISKVOLUME2\WINDOWS\SYSTEM32\APISETSCHEMA.DLL, \DEVICE\HARDDISKVOLUME2\WINDOWS\SYSTEM32\KERNELBASE.DLL, \DEVICE\HARDDISKVOLUME2\WINDOWS\SYSTEM32\LOCALE.NLS, \DEVICE\HARDDISKVOLUME2\WINDOWS\EXPLORER.EXE, \DEVICE\HARDDISKVOLUME2\WINDOWS\SYSTEM32\ADVAPI32.DLL, \DEVICE\HARDDISKVOLUME2\WINDOWS\SYSTEM32\MSVCRT.DLL, \DEVICE\HARDDISKVOLUME2\WINDOWS\SYSTEM32\SECHOST.DLL, \DEVICE\HARDDISKVOLUME2\WINDOWS\SYSTEM32\RPCRT4.DLL, \DEVICE\HARDDISKVOLUME2\WINDOWS\SYSTEM32\GDI32.DLL, \DEVICE\HARDDISKVOLUME2\WINDOWS\SYSTEM32\USER32.DLL, \DEVICE\HARDDISKVOLUME2\WINDOWS\SYSTEM32\LPK.DLL, \DEVICE\HARDDISKVOLUME2\WINDOWS\SYSTEM32\USP10.DLL, \DEVICE\HARDDISKVOLUME2\WINDOWS\SYSTEM32\SHLWAPI.DLL, \DEVICE\HARDDISKVOLUME2\WINDOWS\SYSTEM32\SHELL32.DLL, \DEVICE\HARDDISKVOLUME2\WINDOWS\SYSTEM32\OLE32.DLL, \DEVICE\HARDDISKVOLUME2\WINDOWS\SYSTEM32\OLEAUT32.DLL, \DEVICE\HARDDISKVOLUME2\WINDOWS\SYSTEM32\EXPLORERFRAME.DLL, \DEVICE\HARDDISKVOLUME2\WINDOWS\SYSTEM32\DUSER.DLL, \DEVICE\HARDDISKVOLUME2\WINDOWS\SYSTEM32\DUI70.DLL, \DEVICE\HARDDISKVOLUME2\WINDOWS\SYSTEM32\IMM32.DLL, \DEVICE\HARDDISKVOLUME2\WINDOWS\SYSTEM32\MSCTF.DLL, \DEVICE\HARDDISKVOLUME2\WINDOWS\SYSTEM32\UXTHEME.DLL, \DEVICE\HARDDISKVOLUME2\WINDOWS\SYSTEM32\POWRPROF.DLL, \DEVICE\HARDDISKVOLUME2\WINDOWS\SYSTEM32\SETUPAPI.DLL, \DEVICE\HARDDISKVOLUME2\WINDOWS\SYSTEM32\CFGMGR32.DLL, \DEVICE\HARDDISKVOLUME2\WINDOWS\SYSTEM32\DEVOBJ.DLL, \DEVICE\HARDDISKVOLUME2\WINDOWS\SYSTEM32\DWMAPI.DLL, \DEVICE\HARDDISKVOLUME2\WINDOWS\SYSTEM32\SLC.DLL, \DEVICE\HARDDISKVOLUME2\WINDOWS\WINSXS\AMD64_MICROSOFT.WINDOWS.GDIPLUS_6595B64144CCF1DF_1.1.7601.17514_NONE_2B24536C71ED437A\GDIPLUS.DLL, \DEVICE\HARDDISKVOLUME2\WINDOWS\SYSTEM32\SECUR32.DLL, \DEVICE\HARDDISKVOLUME2\WINDOWS\SYSTEM32\SSPICLI.DLL, \DEVICE\HARDDISKVOLUME2\WINDOWS\SYSTEM32\PROPSYS.DLL, \DEVICE\HARDDISKVOLUME2\WINDOWS\SYSTEM32\WINSTA.DLL, \DEVICE\HARDDISKVOLUME2\WINDOWS\GLOBALIZATION\SORTING\SORTDEFAULT.NLS, \DEVICE\HARDDISKVOLUME2\WINDOWS\SYSTEM32\RPCSS.DLL, \DEVICE\HARDDISKVOLUME2\WINDOWS\SYSTEM32\CRYPTBASE.DLL, \DEVICE\HARDDISKVOLUME2\WINDOWS\WINSXS\AMD64_MICROSOFT.WINDOWS.COMMON-CONTROLS_6595B64144CCF1DF_6.0.7601.17514_NONE_FA396087175AC9AC\COMCTL32.DLL, \DEVICE\HARDDISKVOLUME2\WINDOWS\WINDOWSSHELL.MANIFEST, \DEVICE\HARDDISKVOLUME2\WINDOWS\SYSTEM32\APPHELP.DLL, \DEVICE\HARDDISKVOLUME2\WINDOWS\SYSTEM32\CLBCATQ.DLL, \DEVICE\HARDDISKVOLUME2\WINDOWS\SYSTEM32\CRYPTSP.DLL, \DEVICE\HARDDISKVOLUME2\WINDOWS\SYSTEM32\RSAENH.DLL, \DEVICE\HARDDISKVOLUME2\WINDOWS\SYSTEM32\RPCRTREMOTE.DLL, \DEVICE\HARDDISKVOLUME2\WINDOWS\SYSTEM32\ACTXPRXY.DLL",False
,C:\Users\BRIANNA\OneDrive\Documents\GitHub\NSSECU3_MP2\win7_files\Prefetch\FTK IMAGER.EXE-1B23CEFA.pf,1979-12-31 16:00:00,2025-02-18 17:39:10,2025-02-19 10:02:46,FTK IMAGER.EXE,1B23CEFA,99014,Windows Vista or Windows 7,1,2025-02-18 17:13:30,,,,,,,,\DEVICE\HARDDISKVOLUME2,84AABEBE,2024-05-27 03:33:38,,,,"\DEVICE\HARDDISKVOLUME2\PROGRAM FILES, \DEVICE\HARDDISKVOLUME2\PROGRAM FILES\ACCESSDATA, \DEVICE\HARDDISKVOLUME2\PROGRAM FILES\ACCESSDATA\FTK IMAGER, \DEVICE\HARDDISKVOLUME2\USERS, \DEVICE\HARDDISKVOLUME2\USERS\STUDENT, \DEVICE\HARDDISKVOLUME2\USERS\STUDENT\APPDATA, \DEVICE\HARDDISKVOLUME2\USERS\STUDENT\APPDATA\LOCAL, \DEVICE\HARDDISKVOLUME2\USERS\STUDENT\APPDATA\LOCAL\MICROSOFT, \DEVICE\HARDDISKVOLUME2\USERS\STUDENT\APPDATA\LOCAL\MICROSOFT\WINDOWS, \DEVICE\HARDDISKVOLUME2\USERS\STUDENT\APPDATA\LOCAL\MICROSOFT\WINDOWS\HISTORY, \DEVICE\HARDDISKVOLUME2\USERS\STUDENT\APPDATA\LOCAL\MICROSOFT\WINDOWS\HISTORY\HISTORY.IE5, \DEVICE\HARDDISKVOLUME2\USERS\STUDENT\APPDATA\LOCAL\MICROSOFT\WINDOWS\TEMPORARY INTERNET FILES, \DEVICE\HARDDISKVOLUME2\USERS\STUDENT\APPDATA\LOCAL\MICROSOFT\WINDOWS\TEMPORARY INTERNET FILES\CONTENT.IE5, \DEVICE\HARDDISKVOLUME2\USERS\STUDENT\APPDATA\ROAMING, \DEVICE\HARDDISKVOLUME2\USERS\STUDENT\APPDATA\ROAMING\MICROSOFT, \DEVICE\HARDDISKVOLUME2\USERS\STUDENT\APPDATA\ROAMING\MICROSOFT\WINDOWS, \DEVICE\HARDDISKVOLUME2\USERS\STUDENT\APPDATA\ROAMING\MICROSOFT\WINDOWS\COOKIES, \DEVICE\HARDDISKVOLUME2\WINDOWS, \DEVICE\HARDDISKVOLUME2\WINDOWS\FONTS, \DEVICE\HARDDISKVOLUME2\WINDOWS\GLOBALIZATION, \DEVICE\HARDDISKVOLUME2\WINDOWS\GLOBALIZATION\SORTING, \DEVICE\HARDDISKVOLUME2\WINDOWS\SYSTEM32, \DEVICE\HARDDISKVOLUME2\WINDOWS\SYSTEM32\EN-US, \DEVICE\HARDDISKVOLUME2\WINDOWS\WINSXS\AMD64_MICROSOFT.WINDOWS.COMMON-CONTROLS_6595B64144CCF1DF_6.0.7601.17514_NONE_FA396087175AC9AC","\DEVICE\HARDDISKVOLUME2\WINDOWS\SYSTEM32\NTDLL.DLL, \DEVICE\HARDDISKVOLUME2\PROGRAM FILES\ACCESSDATA\FTK IMAGER\FTK IMAGER.EXE, \DEVICE\HARDDISKVOLUME2\WINDOWS\SYSTEM32\KERNEL32.DLL, \DEVICE\HARDDISKVOLUME2\WINDOWS\SYSTEM32\APISETSCHEMA.DLL, \DEVICE\HARDDISKVOLUME2\WINDOWS\SYSTEM32\KERNELBASE.DLL, \DEVICE\HARDDISKVOLUME2\WINDOWS\SYSTEM32\LOCALE.NLS, \DEVICE\HARDDISKVOLUME2\PROGRAM FILES\ACCESSDATA\FTK IMAGER\LMS.DLL, \DEVICE\HARDDISKVOLUME2\PROGRAM FILES\ACCESSDATA\FTK IMAGER\CBFSDISK20.DLL, \DEVICE\HARDDISKVOLUME2\WINDOWS\SYSTEM32\USER32.DLL, \DEVICE\HARDDISKVOLUME2\WINDOWS\SYSTEM32\GDI32.DLL, \DEVICE\HARDDISKVOLUME2\WINDOWS\SYSTEM32\LPK.DLL, \DEVICE\HARDDISKVOLUME2\WINDOWS\SYSTEM32\USP10.DLL, \DEVICE\HARDDISKVOLUME2\WINDOWS\SYSTEM32\MSVCRT.DLL, \DEVICE\HARDDISKVOLUME2\WINDOWS\SYSTEM32\ADVAPI32.DLL, \DEVICE\HARDDISKVOLUME2\WINDOWS\SYSTEM32\SECHOST.DLL, \DEVICE\HARDDISKVOLUME2\WINDOWS\SYSTEM32\RPCRT4.DLL, \DEVICE\HARDDISKVOLUME2\WINDOWS\SYSTEM32\SHELL32.DLL, \DEVICE\HARDDISKVOLUME2\WINDOWS\SYSTEM32\SHLWAPI.DLL, \DEVICE\HARDDISKVOLUME2\WINDOWS\SYSTEM32\VERSION.DLL, \DEVICE\HARDDISKVOLUME2\WINDOWS\SYSTEM32\SETUPAPI.DLL, \DEVICE\HARDDISKVOLUME2\WINDOWS\SYSTEM32\CFGMGR32.DLL, \DEVICE\HARDDISKVOLUME2\WINDOWS\SYSTEM32\OLEAUT32.DLL, \DEVICE\HARDDISKVOLUME2\WINDOWS\SYSTEM32\OLE32.DLL, \DEVICE\HARDDISKVOLUME2\WINDOWS\SYSTEM32\DEVOBJ.DLL, \DEVICE\HARDDISKVOLUME2\WINDOWS\SYSTEM32\NETAPI32.DLL, \DEVICE\HARDDISKVOLUME2\WINDOWS\SYSTEM32\NETUTILS.DLL, \DEVICE\HARDDISKVOLUME2\WINDOWS\SYSTEM32\SRVCLI.DLL, \DEVICE\HARDDISKVOLUME2\WINDOWS\SYSTEM32\WKSCLI.DLL, \DEVICE\HARDDISKVOLUME2\PROGRAM FILES\ACCESSDATA\FTK IMAGER\LMS-FS.DLL, \DEVICE\HARDDISKVOLUME2\PROGRAM FILES\ACCESSDATA\FTK IMAGER\CBFSCONNECT20.DLL, \DEVICE\HARDDISKVOLUME2\PROGRAM FILES\ACCESSDATA\FTK IMAGER\MSVCP140.DLL, \DEVICE\HARDDISKVOLUME2\PROGRAM FILES\ACCESSDATA\FTK IMAGER\VCRUNTIME140.DLL, \DEVICE\HARDDISKVOLUME2\PROGRAM FILES\ACCESSDATA\FTK IMAGER\API-MS-WIN-CRT-RUNTIME-L1-1-0.DLL, \DEVICE\HARDDISKVOLUME2\PROGRAM FILES\ACCESSDATA\FTK IMAGER\UCRTBASE.DLL, \DEVICE\HARDDISKVOLUME2\PROGRAM FILES\ACCESSDATA\FTK IMAGER\API-MS-WIN-CORE-TIMEZONE-L1-1-0.DLL, \DEVICE\HARDDISKVOLUME2\PROGRAM FILES\ACCESSDATA\FTK IMAGER\API-MS-WIN-CORE-FILE-L2-1-0.DLL, \DEVICE\HARDDISKVOLUME2\PROGRAM FILES\ACCESSDATA\FTK IMAGER\API-MS-WIN-CORE-LOCALIZATION-L1-2-0.DLL, \DEVICE\HARDDISKVOLUME2\PROGRAM FILES\ACCESSDATA\FTK IMAGER\API-MS-WIN-CORE-SYNCH-L1-2-0.DLL, \DEVICE\HARDDISKVOLUME2\PROGRAM FILES\ACCESSDATA\FTK IMAGER\API-MS-WIN-CORE-PROCESSTHREADS-L1-1-1.DLL, \DEVICE\HARDDISKVOLUME2\PROGRAM FILES\ACCESSDATA\FTK IMAGER\API-MS-WIN-CORE-FILE-L1-2-0.DLL, \DEVICE\HARDDISKVOLUME2\PROGRAM FILES\ACCESSDATA\FTK IMAGER\API-MS-WIN-CRT-HEAP-L1-1-0.DLL, \DEVICE\HARDDISKVOLUME2\PROGRAM FILES\ACCESSDATA\FTK IMAGER\API-MS-WIN-CRT-STRING-L1-1-0.DLL, \DEVICE\HARDDISKVOLUME2\PROGRAM FILES\ACCESSDATA\FTK IMAGER\API-MS-WIN-CRT-STDIO-L1-1-0.DLL, \DEVICE\HARDDISKVOLUME2\PROGRAM FILES\ACCESSDATA\FTK IMAGER\API-MS-WIN-CRT-CONVERT-L1-1-0.DLL, \DEVICE\HARDDISKVOLUME2\PROGRAM FILES\ACCESSDATA\FTK IMAGER\VCRUNTIME140_1.DLL, \DEVICE\HARDDISKVOLUME2\PROGRAM FILES\ACCESSDATA\FTK IMAGER\API-MS-WIN-CRT-LOCALE-L1-1-0.DLL, \DEVICE\HARDDISKVOLUME2\PROGRAM FILES\ACCESSDATA\FTK IMAGER\API-MS-WIN-CRT-FILESYSTEM-L1-1-0.DLL, \DEVICE\HARDDISKVOLUME2\PROGRAM FILES\ACCESSDATA\FTK IMAGER\API-MS-WIN-CRT-TIME-L1-1-0.DLL, \DEVICE\HARDDISKVOLUME2\PROGRAM FILES\ACCESSDATA\FTK IMAGER\API-MS-WIN-CRT-ENVIRONMENT-L1-1-0.DLL, \DEVICE\HARDDISKVOLUME2\PROGRAM FILES\ACCESSDATA\FTK IMAGER\API-MS-WIN-CRT-MATH-L1-1-0.DLL, \DEVICE\HARDDISKVOLUME2\PROGRAM FILES\ACCESSDATA\FTK IMAGER\API-MS-WIN-CRT-UTILITY-L1-1-0.DLL, \DEVICE\HARDDISKVOLUME2\PROGRAM FILES\ACCESSDATA\FTK IMAGER\BOOST_DATE_TIME-VC140-MT-1_59.DLL, \DEVICE\HARDDISKVOLUME2\PROGRAM FILES\ACCESSDATA\FTK IMAGER\BOOST_SYSTEM-VC140-MT-1_59.DLL, \DEVICE\HARDDISKVOLUME2\PROGRAM FILES\ACCESSDATA\FTK IMAGER\AD_LOG.DLL, \DEVICE\HARDDISKVOLUME2\PROGRAM FILES\ACCESSDATA\FTK IMAGER\BOOST_THREAD-VC140-MT-1_59.DLL, \DEVICE\HARDDISKVOLUME2\PROGRAM FILES\ACCESSDATA\FTK IMAGER\BOOST_CHRONO-VC140-MT-1_59.DLL, \DEVICE\HARDDISKVOLUME2\PROGRAM FILES\ACCESSDATA\FTK IMAGER\LIBEAY32.DLL, \DEVICE\HARDDISKVOLUME2\WINDOWS\SYSTEM32\WS2_32.DLL, \DEVICE\HARDDISKVOLUME2\WINDOWS\SYSTEM32\NSI.DLL, \DEVICE\HARDDISKVOLUME2\PROGRAM FILES\ACCESSDATA\FTK IMAGER\API-MS-WIN-CRT-CONIO-L1-1-0.DLL, \DEVICE\HARDDISKVOLUME2\PROGRAM FILES\ACCESSDATA\FTK IMAGER\BOOST_REGEX-VC140-MT-1_59.DLL, \DEVICE\HARDDISKVOLUME2\WINDOWS\SYSTEM32\WINMM.DLL, \DEVICE\HARDDISKVOLUME2\WINDOWS\SYSTEM32\DBGHELP.DLL, \DEVICE\HARDDISKVOLUME2\PROGRAM FILES\ACCESSDATA\FTK IMAGER\MFC140U.DLL, \DEVICE\HARDDISKVOLUME2\PROGRAM FILES\ACCESSDATA\FTK IMAGER\API-MS-WIN-CRT-MULTIBYTE-L1-1-0.DLL, \DEVICE\HARDDISKVOLUME2\WINDOWS\SYSTEM32\IMM32.DLL, \DEVICE\HARDDISKVOLUME2\WINDOWS\SYSTEM32\MSCTF.DLL, \DEVICE\HARDDISKVOLUME2\WINDOWS\SYSTEM32\UXTHEME.DLL, \DEVICE\HARDDISKVOLUME2\WINDOWS\WINSXS\AMD64_MICROSOFT.WINDOWS.COMMON-CONTROLS_6595B64144CCF1DF_6.0.7601.17514_NONE_FA396087175AC9AC\COMCTL32.DLL, \DEVICE\HARDDISKVOLUME2\PROGRAM FILES\ACCESSDATA\FTK IMAGER\PROFUISAD64.DLL, \DEVICE\HARDDISKVOLUME2\WINDOWS\SYSTEM32\MSVFW32.DLL, \DEVICE\HARDDISKVOLUME2\$MFT, \DEVICE\HARDDISKVOLUME2\WINDOWS\SYSTEM32\AVIFIL32.DLL, \DEVICE\HARDDISKVOLUME2\WINDOWS\SYSTEM32\MSACM32.DLL, \DEVICE\HARDDISKVOLUME2\PROGRAM FILES\ACCESSDATA\FTK IMAGER\ADSHATTRDEFS.DLL, \DEVICE\HARDDISKVOLUME2\PROGRAM FILES\ACCESSDATA\FTK IMAGER\ADEFS.DLL, \DEVICE\HARDDISKVOLUME2\PROGRAM FILES\ACCESSDATA\FTK IMAGER\ADISODLL.DLL, \DEVICE\HARDDISKVOLUME2\PROGRAM FILES\ACCESSDATA\FTK IMAGER\ADENCRYPT.DLL, \DEVICE\HARDDISKVOLUME2\PROGRAM FILES\ACCESSDATA\FTK IMAGER\ADFS_GLOBALS.DLL, \DEVICE\HARDDISKVOLUME2\PROGRAM FILES\ACCESSDATA\FTK IMAGER\ADFBFS_GLOBALS.DLL, \DEVICE\HARDDISKVOLUME2\PROGRAM FILES\ACCESSDATA\FTK IMAGER\API-MS-WIN-CRT-PROCESS-L1-1-0.DLL, \DEVICE\HARDDISKVOLUME2\PROGRAM FILES\ACCESSDATA\FTK IMAGER\ADTZ_GLOBALS.DLL, \DEVICE\HARDDISKVOLUME2\PROGRAM FILES\ACCESSDATA\FTK IMAGER\BOOST_FILESYSTEM-VC140-MT-1_59.DLL, \DEVICE\HARDDISKVOLUME2\PROGRAM FILES\ACCESSDATA\FTK IMAGER\LIBBFIO.DLL, \DEVICE\HARDDISKVOLUME2\PROGRAM FILES\ACCESSDATA\FTK IMAGER\LIBVSHADOW.DLL, \DEVICE\HARDDISKVOLUME2\PROGRAM FILES\ACCESSDATA\FTK IMAGER\AD_GLOBALS.DLL, \DEVICE\HARDDISKVOLUME2\WINDOWS\SYSTEM32\COMDLG32.DLL, \DEVICE\HARDDISKVOLUME2\PROGRAM FILES\ACCESSDATA\FTK IMAGER\ICUUC57.DLL, \DEVICE\HARDDISKVOLUME2\PROGRAM FILES\ACCESSDATA\FTK IMAGER\ICUDT57.DLL, \DEVICE\HARDDISKVOLUME2\WINDOWS\GLOBALIZATION\SORTING\SORTDEFAULT.NLS, \DEVICE\HARDDISKVOLUME2\WINDOWS\WINDOWSSHELL.MANIFEST, \DEVICE\HARDDISKVOLUME2\WINDOWS\SYSTEM32\EN-US\MSVFW32.DLL.MUI, \DEVICE\HARDDISKVOLUME2\WINDOWS\SYSTEM32\DWMAPI.DLL, \DEVICE\HARDDISKVOLUME2\WINDOWS\SYSTEM32\MSIMG32.DLL, \DEVICE\HARDDISKVOLUME2\WINDOWS\SYSTEM32\WER.DLL, \DEVICE\HARDDISKVOLUME2\WINDOWS\SYSTEM32\RPCSS.DLL, \DEVICE\HARDDISKVOLUME2\WINDOWS\SYSTEM32\CRYPTBASE.DLL, \DEVICE\HARDDISKVOLUME2\WINDOWS\FONTS\STATICCACHE.DAT, \DEVICE\HARDDISKVOLUME2\WINDOWS\SYSTEM32\CLBCATQ.DLL, \DEVICE\HARDDISKVOLUME2\WINDOWS\SYSTEM32\IEFRAME.DLL, \DEVICE\HARDDISKVOLUME2\WINDOWS\SYSTEM32\PSAPI.DLL, \DEVICE\HARDDISKVOLUME2\WINDOWS\SYSTEM32\OLEACC.DLL, \DEVICE\HARDDISKVOLUME2\WINDOWS\SYSTEM32\IERTUTIL.DLL, \DEVICE\HARDDISKVOLUME2\WINDOWS\SYSTEM32\OLEACCRC.DLL, \DEVICE\HARDDISKVOLUME2\WINDOWS\SYSTEM32\URLMON.DLL, \DEVICE\HARDDISKVOLUME2\WINDOWS\SYSTEM32\WININET.DLL, \DEVICE\HARDDISKVOLUME2\WINDOWS\SYSTEM32\CRYPT32.DLL, \DEVICE\HARDDISKVOLUME2\WINDOWS\SYSTEM32\MSASN1.DLL, \DEVICE\HARDDISKVOLUME2\WINDOWS\SYSTEM32\SXS.DLL, \DEVICE\HARDDISKVOLUME2\WINDOWS\SYSTEM32\STDOLE2.TLB, \DEVICE\HARDDISKVOLUME2\WINDOWS\SYSTEM32\APPHELP.DLL, \DEVICE\HARDDISKVOLUME2\WINDOWS\SYSTEM32\MSHTML.DLL, \DEVICE\HARDDISKVOLUME2\WINDOWS\SYSTEM32\MSLS31.DLL, \DEVICE\HARDDISKVOLUME2\WINDOWS\SYSTEM32\SSPICLI.DLL, \DEVICE\HARDDISKVOLUME2\WINDOWS\SYSTEM32\PROFAPI.DLL, \DEVICE\HARDDISKVOLUME2\USERS\STUDENT\APPDATA\LOCAL\MICROSOFT\WINDOWS\TEMPORARY INTERNET FILES\CONTENT.IE5\INDEX.DAT, \DEVICE\HARDDISKVOLUME2\USERS\STUDENT\APPDATA\ROAMING\MICROSOFT\WINDOWS\COOKIES\INDEX.DAT, \DEVICE\HARDDISKVOLUME2\USERS\STUDENT\APPDATA\LOCAL\MICROSOFT\WINDOWS\HISTORY\HISTORY.IE5\INDEX.DAT, \DEVICE\HARDDISKVOLUME2\WINDOWS\SYSTEM32\DNSAPI.DLL, \DEVICE\HARDDISKVOLUME2\WINDOWS\SYSTEM32\IPHLPAPI.DLL, \DEVICE\HARDDISKVOLUME2\WINDOWS\SYSTEM32\WINNSI.DLL, \DEVICE\HARDDISKVOLUME2\WINDOWS\SYSTEM32\RASAPI32.DLL, \DEVICE\HARDDISKVOLUME2\WINDOWS\SYSTEM32\RASMAN.DLL, \DEVICE\HARDDISKVOLUME2\WINDOWS\SYSTEM32\RTUTILS.DLL, \DEVICE\HARDDISKVOLUME2\WINDOWS\SYSTEM32\SENSAPI.DLL, \DEVICE\HARDDISKVOLUME2\WINDOWS\SYSTEM32\EN-US\URLMON.DLL.MUI, \DEVICE\HARDDISKVOLUME2\WINDOWS\SYSTEM32\WINDOWSCODECS.DLL, \DEVICE\HARDDISKVOLUME2\WINDOWS\SYSTEM32\EHSTORSHELL.DLL, \DEVICE\HARDDISKVOLUME2\WINDOWS\SYSTEM32\PROPSYS.DLL, \DEVICE\HARDDISKVOLUME2\WINDOWS\SYSTEM32\CSCUI.DLL, \DEVICE\HARDDISKVOLUME2\WINDOWS\SYSTEM32\CSCDLL.DLL, \DEVICE\HARDDISKVOLUME2\WINDOWS\SYSTEM32\CSCAPI.DLL, \DEVICE\HARDDISKVOLUME2\WINDOWS\SYSTEM32\NTSHRUI.DLL, \DEVICE\HARDDISKVOLUME2\WINDOWS\SYSTEM32\SLC.DLL, \DEVICE\HARDDISKVOLUME2\WINDOWS\SYSTEM32\IMAGERES.DLL, \DEVICE\HARDDISKVOLUME2\WINDOWS\SYSTEM32\CRYPTSP.DLL, \DEVICE\HARDDISKVOLUME2\WINDOWS\SYSTEM32\RSAENH.DLL, \DEVICE\HARDDISKVOLUME2\WINDOWS\SYSTEM32\RPCRTREMOTE.DLL, \DEVICE\HARDDISKVOLUME2\WINDOWS\SYSTEM32\MSIMTF.DLL, \DEVICE\HARDDISKVOLUME2\WINDOWS\SYSTEM32\MLANG.DLL, \DEVICE\HARDDISKVOLUME2\WINDOWS\SYSTEM32\EN-US\MLANG.DLL.MUI",False
,C:\Users\BRIANNA\OneDrive\Documents\GitHub\NSSECU3_MP2\win7_files\Prefetch\LOGONUI.EXE-09140401.pf,1979-12-31 16:00:00,2025-02-18 17:39:10,2025-02-19 10:02:47,LOGONUI.EXE,9140401,48418,Windows Vista or Windows 7,2,2025-02-18 17:19:36,,,,,,,,\DEVICE\HARDDISKVOLUME2,84AABEBE,2024-05-27 03:33:38,,,,"\DEVICE\HARDDISKVOLUME2\PROGRAM FILES, \DEVICE\HARDDISKVOLUME2\PROGRAM FILES\COMMON FILES, \DEVICE\HARDDISKVOLUME2\PROGRAM FILES\COMMON FILES\MICROSOFT SHARED, \DEVICE\HARDDISKVOLUME2\PROGRAM FILES\COMMON FILES\MICROSOFT SHARED\INK, \DEVICE\HARDDISKVOLUME2\PROGRAM FILES\WINDOWS NT, \DEVICE\HARDDISKVOLUME2\PROGRAM FILES\WINDOWS NT\TABLETEXTSERVICE, \DEVICE\HARDDISKVOLUME2\PROGRAMDATA, \DEVICE\HARDDISKVOLUME2\PROGRAMDATA\MICROSOFT, \DEVICE\HARDDISKVOLUME2\PROGRAMDATA\MICROSOFT\USER ACCOUNT PICTURES, \DEVICE\HARDDISKVOLUME2\WINDOWS, \DEVICE\HARDDISKVOLUME2\WINDOWS\BRANDING, \DEVICE\HARDDISKVOLUME2\WINDOWS\BRANDING\BASEBRD, \DEVICE\HARDDISKVOLUME2\WINDOWS\FONTS, \DEVICE\HARDDISKVOLUME2\WINDOWS\GLOBALIZATION, \DEVICE\HARDDISKVOLUME2\WINDOWS\GLOBALIZATION\SORTING, \DEVICE\HARDDISKVOLUME2\WINDOWS\IME, \DEVICE\HARDDISKVOLUME2\WINDOWS\SYSTEM32, \DEVICE\HARDDISKVOLUME2\WINDOWS\SYSTEM32\EN-US, \DEVICE\HARDDISKVOLUME2\WINDOWS\WINSXS\AMD64_MICROSOFT.WINDOWS.COMMON-CONTROLS_6595B64144CCF1DF_6.0.7601.17514_NONE_FA396087175AC9AC, \DEVICE\HARDDISKVOLUME2\WINDOWS\WINSXS\AMD64_MICROSOFT.WINDOWS.GDIPLUS_6595B64144CCF1DF_1.1.7601.17514_NONE_2B24536C71ED437A","\DEVICE\HARDDISKVOLUME2\WINDOWS\SYSTEM32\NTDLL.DLL, \DEVICE\HARDDISKVOLUME2\WINDOWS\SYSTEM32\KERNEL32.DLL, \DEVICE\HARDDISKVOLUME2\WINDOWS\SYSTEM32\APISETSCHEMA.DLL, \DEVICE\HARDDISKVOLUME2\WINDOWS\SYSTEM32\KERNELBASE.DLL, \DEVICE\HARDDISKVOLUME2\WINDOWS\SYSTEM32\LOCALE.NLS, \DEVICE\HARDDISKVOLUME2\WINDOWS\SYSTEM32\LOGONUI.EXE, \DEVICE\HARDDISKVOLUME2\WINDOWS\SYSTEM32\MSVCRT.DLL, \DEVICE\HARDDISKVOLUME2\WINDOWS\SYSTEM32\OLE32.DLL, \DEVICE\HARDDISKVOLUME2\WINDOWS\SYSTEM32\GDI32.DLL, \DEVICE\HARDDISKVOLUME2\WINDOWS\SYSTEM32\USER32.DLL, \DEVICE\HARDDISKVOLUME2\WINDOWS\SYSTEM32\LPK.DLL, \DEVICE\HARDDISKVOLUME2\WINDOWS\SYSTEM32\USP10.DLL, \DEVICE\HARDDISKVOLUME2\WINDOWS\SYSTEM32\RPCRT4.DLL, \DEVICE\HARDDISKVOLUME2\WINDOWS\SYSTEM32\IMM32.DLL, \DEVICE\HARDDISKVOLUME2\WINDOWS\SYSTEM32\MSCTF.DLL, \DEVICE\HARDDISKVOLUME2\WINDOWS\SYSTEM32\RPCSS.DLL, \DEVICE\HARDDISKVOLUME2\WINDOWS\SYSTEM32\CRYPTBASE.DLL, \DEVICE\HARDDISKVOLUME2\WINDOWS\SYSTEM32\CLBCATQ.DLL, \DEVICE\HARDDISKVOLUME2\WINDOWS\SYSTEM32\ADVAPI32.DLL, \DEVICE\HARDDISKVOLUME2\WINDOWS\SYSTEM32\SECHOST.DLL, \DEVICE\HARDDISKVOLUME2\WINDOWS\SYSTEM32\OLEAUT32.DLL, \DEVICE\HARDDISKVOLUME2\WINDOWS\SYSTEM32\AUTHUI.DLL, \DEVICE\HARDDISKVOLUME2\WINDOWS\SYSTEM32\CRYPTUI.DLL, \DEVICE\HARDDISKVOLUME2\WINDOWS\SYSTEM32\CRYPT32.DLL, \DEVICE\HARDDISKVOLUME2\WINDOWS\SYSTEM32\MSASN1.DLL, \DEVICE\HARDDISKVOLUME2\WINDOWS\WINSXS\AMD64_MICROSOFT.WINDOWS.COMMON-CONTROLS_6595B64144CCF1DF_6.0.7601.17514_NONE_FA396087175AC9AC\COMCTL32.DLL, \DEVICE\HARDDISKVOLUME2\WINDOWS\SYSTEM32\SHLWAPI.DLL, \DEVICE\HARDDISKVOLUME2\WINDOWS\WINDOWSSHELL.MANIFEST, \DEVICE\HARDDISKVOLUME2\WINDOWS\SYSTEM32\UXTHEME.DLL, \DEVICE\HARDDISKVOLUME2\WINDOWS\WINSXS\AMD64_MICROSOFT.WINDOWS.GDIPLUS_6595B64144CCF1DF_1.1.7601.17514_NONE_2B24536C71ED437A\GDIPLUS.DLL, \DEVICE\HARDDISKVOLUME2\WINDOWS\GLOBALIZATION\SORTING\SORTDEFAULT.NLS, \DEVICE\HARDDISKVOLUME2\WINDOWS\SYSTEM32\DUI70.DLL, \DEVICE\HARDDISKVOLUME2\WINDOWS\SYSTEM32\DUSER.DLL, \DEVICE\HARDDISKVOLUME2\WINDOWS\SYSTEM32\SNDVOLSSO.DLL, \DEVICE\HARDDISKVOLUME2\WINDOWS\SYSTEM32\HID.DLL, \DEVICE\HARDDISKVOLUME2\WINDOWS\SYSTEM32\MMDEVAPI.DLL, \DEVICE\HARDDISKVOLUME2\WINDOWS\SYSTEM32\PROPSYS.DLL, \DEVICE\HARDDISKVOLUME2\WINDOWS\SYSTEM32\SETUPAPI.DLL, \DEVICE\HARDDISKVOLUME2\WINDOWS\SYSTEM32\CFGMGR32.DLL, \DEVICE\HARDDISKVOLUME2\WINDOWS\SYSTEM32\DEVOBJ.DLL, \DEVICE\HARDDISKVOLUME2\WINDOWS\SYSTEM32\DWMAPI.DLL, \DEVICE\HARDDISKVOLUME2\WINDOWS\SYSTEM32\XMLLITE.DLL, \DEVICE\HARDDISKVOLUME2\WINDOWS\SYSTEM32\IMAGERES.DLL, \DEVICE\HARDDISKVOLUME2\WINDOWS\SYSTEM32\WINDOWSCODECS.DLL, \DEVICE\HARDDISKVOLUME2\WINDOWS\SYSTEM32\WINBRAND.DLL, \DEVICE\HARDDISKVOLUME2\WINDOWS\BRANDING\BASEBRD\BASEBRD.DLL, \DEVICE\HARDDISKVOLUME2\WINDOWS\SYSTEM32\VAULTCREDPROVIDER.DLL, \DEVICE\HARDDISKVOLUME2\WINDOWS\SYSTEM32\WTSAPI32.DLL, \DEVICE\HARDDISKVOLUME2\WINDOWS\SYSTEM32\WINSTA.DLL, \DEVICE\HARDDISKVOLUME2\WINDOWS\SYSTEM32\SMARTCARDCREDENTIALPROVIDER.DLL, \DEVICE\HARDDISKVOLUME2\WINDOWS\SYSTEM32\RPCRTREMOTE.DLL, \DEVICE\HARDDISKVOLUME2\WINDOWS\SYSTEM32\BIOCREDPROV.DLL, \DEVICE\HARDDISKVOLUME2\WINDOWS\SYSTEM32\SECUR32.DLL, \DEVICE\HARDDISKVOLUME2\WINDOWS\SYSTEM32\SSPICLI.DLL, \DEVICE\HARDDISKVOLUME2\WINDOWS\SYSTEM32\WINBIO.DLL, \DEVICE\HARDDISKVOLUME2\WINDOWS\SYSTEM32\CREDUI.DLL, \DEVICE\HARDDISKVOLUME2\WINDOWS\SYSTEM32\VAULTCLI.DLL, \DEVICE\HARDDISKVOLUME2\WINDOWS\SYSTEM32\NETAPI32.DLL, \DEVICE\HARDDISKVOLUME2\WINDOWS\SYSTEM32\NETUTILS.DLL, \DEVICE\HARDDISKVOLUME2\WINDOWS\SYSTEM32\SRVCLI.DLL, \DEVICE\HARDDISKVOLUME2\WINDOWS\SYSTEM32\WKSCLI.DLL, \DEVICE\HARDDISKVOLUME2\WINDOWS\SYSTEM32\SAMCLI.DLL, \DEVICE\HARDDISKVOLUME2\WINDOWS\WIN.INI, \DEVICE\HARDDISKVOLUME2\WINDOWS\SYSTEM32\CERTCREDPROVIDER.DLL, \DEVICE\HARDDISKVOLUME2\WINDOWS\SYSTEM32\RASPLAP.DLL, \DEVICE\HARDDISKVOLUME2\WINDOWS\SYSTEM32\RASAPI32.DLL, \DEVICE\HARDDISKVOLUME2\WINDOWS\SYSTEM32\RASMAN.DLL, \DEVICE\HARDDISKVOLUME2\WINDOWS\SYSTEM32\WS2_32.DLL, \DEVICE\HARDDISKVOLUME2\WINDOWS\SYSTEM32\NSI.DLL, \DEVICE\HARDDISKVOLUME2\WINDOWS\SYSTEM32\RTUTILS.DLL, \DEVICE\HARDDISKVOLUME2\WINDOWS\FONTS\STATICCACHE.DAT, \DEVICE\HARDDISKVOLUME2\WINDOWS\SYSTEM32\INPUT.DLL, \DEVICE\HARDDISKVOLUME2\PROGRAM FILES\COMMON FILES\MICROSOFT SHARED\INK\TIPTSF.DLL, \DEVICE\HARDDISKVOLUME2\WINDOWS\IME\SPTIP.DLL, \DEVICE\HARDDISKVOLUME2\PROGRAM FILES\WINDOWS NT\TABLETEXTSERVICE\TABLETEXTSERVICE.DLL, \DEVICE\HARDDISKVOLUME2\WINDOWS\SYSTEM32\EN-US\KERNELBASE.DLL.MUI, \DEVICE\HARDDISKVOLUME2\WINDOWS\SYSTEM32\CRYPTSP.DLL, \DEVICE\HARDDISKVOLUME2\WINDOWS\SYSTEM32\RSAENH.DLL, \DEVICE\HARDDISKVOLUME2\WINDOWS\SYSTEM32\SHACCT.DLL, \DEVICE\HARDDISKVOLUME2\WINDOWS\SYSTEM32\SAMLIB.DLL, \DEVICE\HARDDISKVOLUME2\WINDOWS\SYSTEM32\POWRPROF.DLL, \DEVICE\HARDDISKVOLUME2\WINDOWS\SYSTEM32\RDPENDP.DLL, \DEVICE\HARDDISKVOLUME2\WINDOWS\SYSTEM32\WINMM.DLL, \DEVICE\HARDDISKVOLUME2\WINDOWS\SYSTEM32\MSACM32.DLL, \DEVICE\HARDDISKVOLUME2\WINDOWS\SYSTEM32\SLC.DLL, \DEVICE\HARDDISKVOLUME2\PROGRAMDATA\MICROSOFT\USER ACCOUNT PICTURES\USER.BMP",False
,C:\Users\BRIANNA\OneDrive\Documents\GitHub\NSSECU3_MP2\win7_files\Prefetch\MSIEXEC.EXE-A2D55CB6.pf,1979-12-31 16:00:00,2025-02-18 17:39:10,2025-02-19 10:02:47,MSIEXEC.EXE,A2D55CB6,44390,Windows Vista or Windows 7,2,2025-02-18 17:07:18,,,,,,,,\DEVICE\HARDDISKVOLUME2,84AABEBE,2024-05-27 03:33:38,,,,"\DEVICE\HARDDISKVOLUME2\WINDOWS, \DEVICE\HARDDISKVOLUME2\WINDOWS\APPPATCH, \DEVICE\HARDDISKVOLUME2\WINDOWS\APPPATCH\APPPATCH64, \DEVICE\HARDDISKVOLUME2\WINDOWS\GLOBALIZATION, \DEVICE\HARDDISKVOLUME2\WINDOWS\GLOBALIZATION\SORTING, \DEVICE\HARDDISKVOLUME2\WINDOWS\SYSTEM32, \DEVICE\HARDDISKVOLUME2\WINDOWS\SYSTEM32\EN-US, \DEVICE\HARDDISKVOLUME2\WINDOWS\SYSWOW64, \DEVICE\HARDDISKVOLUME2\WINDOWS\WINSXS\AMD64_MICROSOFT.WINDOWS.COMMON-CONTROLS_6595B64144CCF1DF_6.0.7601.17514_NONE_FA396087175AC9AC","\DEVICE\HARDDISKVOLUME2\WINDOWS\SYSTEM32\NTDLL.DLL, \DEVICE\HARDDISKVOLUME2\WINDOWS\SYSTEM32\KERNEL32.DLL, \DEVICE\HARDDISKVOLUME2\WINDOWS\SYSTEM32\APISETSCHEMA.DLL, \DEVICE\HARDDISKVOLUME2\WINDOWS\SYSTEM32\KERNELBASE.DLL, \DEVICE\HARDDISKVOLUME2\WINDOWS\SYSTEM32\LOCALE.NLS, \DEVICE\HARDDISKVOLUME2\WINDOWS\SYSTEM32\MSIEXEC.EXE, \DEVICE\HARDDISKVOLUME2\WINDOWS\SYSTEM32\ADVAPI32.DLL, \DEVICE\HARDDISKVOLUME2\WINDOWS\SYSTEM32\MSVCRT.DLL, \DEVICE\HARDDISKVOLUME2\WINDOWS\SYSTEM32\SECHOST.DLL, \DEVICE\HARDDISKVOLUME2\WINDOWS\SYSTEM32\RPCRT4.DLL, \DEVICE\HARDDISKVOLUME2\WINDOWS\SYSTEM32\USER32.DLL, \DEVICE\HARDDISKVOLUME2\WINDOWS\SYSTEM32\GDI32.DLL, \DEVICE\HARDDISKVOLUME2\WINDOWS\SYSTEM32\LPK.DLL, \DEVICE\HARDDISKVOLUME2\WINDOWS\SYSTEM32\USP10.DLL, \DEVICE\HARDDISKVOLUME2\WINDOWS\SYSTEM32\OLE32.DLL, \DEVICE\HARDDISKVOLUME2\WINDOWS\SYSTEM32\MSI.DLL, \DEVICE\HARDDISKVOLUME2\WINDOWS\SYSTEM32\SHLWAPI.DLL, \DEVICE\HARDDISKVOLUME2\WINDOWS\SYSTEM32\APPHELP.DLL, \DEVICE\HARDDISKVOLUME2\WINDOWS\APPPATCH\APPPATCH64\SYSMAIN.SDB, \DEVICE\HARDDISKVOLUME2\WINDOWS\APPPATCH\APPPATCH64\ACLAYERS.DLL, \DEVICE\HARDDISKVOLUME2\WINDOWS\SYSTEM32\WINSPOOL.DRV, \DEVICE\HARDDISKVOLUME2\WINDOWS\SYSTEM32\MPR.DLL, \DEVICE\HARDDISKVOLUME2\WINDOWS\APPPATCH\APPPATCH64\ACGENRAL.DLL, \DEVICE\HARDDISKVOLUME2\WINDOWS\SYSTEM32\SSPICLI.DLL, \DEVICE\HARDDISKVOLUME2\WINDOWS\SYSTEM32\SHELL32.DLL, \DEVICE\HARDDISKVOLUME2\WINDOWS\SYSTEM32\SFC.DLL, \DEVICE\HARDDISKVOLUME2\WINDOWS\SYSTEM32\SFC_OS.DLL, \DEVICE\HARDDISKVOLUME2\WINDOWS\SYSTEM32\USERENV.DLL, \DEVICE\HARDDISKVOLUME2\WINDOWS\SYSTEM32\PROFAPI.DLL, \DEVICE\HARDDISKVOLUME2\WINDOWS\SYSTEM32\DWMAPI.DLL, \DEVICE\HARDDISKVOLUME2\WINDOWS\SYSTEM32\IMM32.DLL, \DEVICE\HARDDISKVOLUME2\WINDOWS\SYSTEM32\MSCTF.DLL, \DEVICE\HARDDISKVOLUME2\WINDOWS\SYSTEM32\EN-US\MSIEXEC.EXE.MUI, \DEVICE\HARDDISKVOLUME2\WINDOWS\WINSXS\AMD64_MICROSOFT.WINDOWS.COMMON-CONTROLS_6595B64144CCF1DF_6.0.7601.17514_NONE_FA396087175AC9AC\COMCTL32.DLL, \DEVICE\HARDDISKVOLUME2\WINDOWS\WINDOWSSHELL.MANIFEST, \DEVICE\HARDDISKVOLUME2\WINDOWS\GLOBALIZATION\SORTING\SORTDEFAULT.NLS, \DEVICE\HARDDISKVOLUME2\WINDOWS\SYSTEM32\RPCSS.DLL, \DEVICE\HARDDISKVOLUME2\WINDOWS\SYSTEM32\CRYPTBASE.DLL, \DEVICE\HARDDISKVOLUME2\WINDOWS\SYSTEM32\CLBCATQ.DLL, \DEVICE\HARDDISKVOLUME2\WINDOWS\SYSTEM32\OLEAUT32.DLL, \DEVICE\HARDDISKVOLUME2\WINDOWS\SYSTEM32\CRYPTSP.DLL, \DEVICE\HARDDISKVOLUME2\WINDOWS\SYSTEM32\RSAENH.DLL, \DEVICE\HARDDISKVOLUME2\WINDOWS\SYSTEM32\RPCRTREMOTE.DLL, \DEVICE\HARDDISKVOLUME2\$MFT, \DEVICE\HARDDISKVOLUME2\WINDOWS\SYSWOW64\MSIEXEC.EXE, \DEVICE\HARDDISKVOLUME2\WINDOWS\APPPATCH\SYSMAIN.SDB, \DEVICE\HARDDISKVOLUME2\USERS\STUDENT\APPDATA\LOCAL\TEMP\{74D9701A-365F-4557-B5E3-6A73D98AF2F8}\ACCESSDATA_FTK_IMAGER_(X64).MSI, \DEVICE\HARDDISKVOLUME2\WINDOWS\SYSTEM32\MSIMSG.DLL, \DEVICE\HARDDISKVOLUME2\WINDOWS\SYSTEM32\EN-US\MSIMSG.DLL.MUI, \DEVICE\HARDDISKVOLUME2\WINDOWS\SYSTEM32\UXTHEME.DLL, \DEVICE\HARDDISKVOLUME2\WINDOWS\SYSTEM32\PROPSYS.DLL, \DEVICE\HARDDISKVOLUME2\WINDOWS\FONTS\STATICCACHE.DAT, \DEVICE\HARDDISKVOLUME2\WINDOWS\SYSTEM32\NETAPI32.DLL, \DEVICE\HARDDISKVOLUME2\WINDOWS\SYSTEM32\NETUTILS.DLL, \DEVICE\HARDDISKVOLUME2\WINDOWS\SYSTEM32\SRVCLI.DLL, \DEVICE\HARDDISKVOLUME2\WINDOWS\SYSTEM32\WKSCLI.DLL, \DEVICE\HARDDISKVOLUME2\WINDOWS\APPPATCH\MSIMAIN.SDB, \DEVICE\HARDDISKVOLUME2\WINDOWS\SYSTEM32\VERSION.DLL, \DEVICE\HARDDISKVOLUME2\WINDOWS\SYSTEM32\SXS.DLL, \DEVICE\HARDDISKVOLUME2\WINDOWS\SYSTEM32\EN-US\SXS.DLL.MUI, \DEVICE\HARDDISKVOLUME2\WINDOWS\SYSTEM32\MSCOREE.DLL, \DEVICE\HARDDISKVOLUME2\WINDOWS\MICROSOFT.NET\FRAMEWORK64\V2.0.50727\FUSION.DLL, \DEVICE\HARDDISKVOLUME2\WINDOWS\SYSTEM32\MSIHND.DLL, \DEVICE\HARDDISKVOLUME2\WINDOWS\SYSTEM32\COMDLG32.DLL, \DEVICE\HARDDISKVOLUME2\USERS\STUDENT\APPDATA\LOCAL\TEMP\MSI8609.TMP",False
,C:\Users\BRIANNA\OneDrive\Documents\GitHub\NSSECU3_MP2\win7_files\Prefetch\MSIEXEC.EXE-E09A077A.pf,1979-12-31 16:00:00,2025-02-18 17:39:10,2025-02-19 10:02:47,MSIEXEC.EXE,E09A077A,28600,Windows Vista or Windows 7,1,2025-02-18 17:07:18,,,,,,,,\DEVICE\HARDDISKVOLUME2,84AABEBE,2024-05-27 03:33:38,,,,"\DEVICE\HARDDISKVOLUME2\USERS, \DEVICE\HARDDISKVOLUME2\USERS\STUDENT, \DEVICE\HARDDISKVOLUME2\USERS\STUDENT\APPDATA, \DEVICE\HARDDISKVOLUME2\USERS\STUDENT\APPDATA\LOCAL, \DEVICE\HARDDISKVOLUME2\USERS\STUDENT\APPDATA\LOCAL\TEMP, \DEVICE\HARDDISKVOLUME2\WINDOWS, \DEVICE\HARDDISKVOLUME2\WINDOWS\APPPATCH, \DEVICE\HARDDISKVOLUME2\WINDOWS\GLOBALIZATION, \DEVICE\HARDDISKVOLUME2\WINDOWS\GLOBALIZATION\SORTING, \DEVICE\HARDDISKVOLUME2\WINDOWS\SYSTEM32, \DEVICE\HARDDISKVOLUME2\WINDOWS\SYSWOW64, \DEVICE\HARDDISKVOLUME2\WINDOWS\SYSWOW64\EN-US, \DEVICE\HARDDISKVOLUME2\WINDOWS\WINSXS\X86_MICROSOFT.WINDOWS.COMMON-CONTROLS_6595B64144CCF1DF_6.0.7601.17514_NONE_41E6975E2BD6F2B2","\DEVICE\HARDDISKVOLUME2\WINDOWS\SYSTEM32\NTDLL.DLL, \DEVICE\HARDDISKVOLUME2\WINDOWS\SYSTEM32\WOW64.DLL, \DEVICE\HARDDISKVOLUME2\WINDOWS\SYSTEM32\WOW64WIN.DLL, \DEVICE\HARDDISKVOLUME2\WINDOWS\SYSTEM32\WOW64CPU.DLL, \DEVICE\HARDDISKVOLUME2\WINDOWS\SYSTEM32\KERNEL32.DLL, \DEVICE\HARDDISKVOLUME2\WINDOWS\SYSWOW64\KERNEL32.DLL, \DEVICE\HARDDISKVOLUME2\WINDOWS\SYSTEM32\USER32.DLL, \DEVICE\HARDDISKVOLUME2\WINDOWS\SYSWOW64\NTDLL.DLL, \DEVICE\HARDDISKVOLUME2\WINDOWS\SYSTEM32\APISETSCHEMA.DLL, \DEVICE\HARDDISKVOLUME2\WINDOWS\SYSWOW64\KERNELBASE.DLL, \DEVICE\HARDDISKVOLUME2\WINDOWS\SYSTEM32\LOCALE.NLS, \DEVICE\HARDDISKVOLUME2\WINDOWS\SYSWOW64\MSIEXEC.EXE, \DEVICE\HARDDISKVOLUME2\WINDOWS\SYSWOW64\ADVAPI32.DLL, \DEVICE\HARDDISKVOLUME2\WINDOWS\SYSWOW64\MSVCRT.DLL, \DEVICE\HARDDISKVOLUME2\WINDOWS\SYSWOW64\SECHOST.DLL, \DEVICE\HARDDISKVOLUME2\WINDOWS\SYSWOW64\RPCRT4.DLL, \DEVICE\HARDDISKVOLUME2\WINDOWS\SYSWOW64\SSPICLI.DLL, \DEVICE\HARDDISKVOLUME2\WINDOWS\SYSWOW64\CRYPTBASE.DLL, \DEVICE\HARDDISKVOLUME2\WINDOWS\SYSWOW64\USER32.DLL, \DEVICE\HARDDISKVOLUME2\WINDOWS\SYSWOW64\GDI32.DLL, \DEVICE\HARDDISKVOLUME2\WINDOWS\SYSWOW64\LPK.DLL, \DEVICE\HARDDISKVOLUME2\WINDOWS\SYSWOW64\USP10.DLL, \DEVICE\HARDDISKVOLUME2\WINDOWS\SYSWOW64\OLE32.DLL, \DEVICE\HARDDISKVOLUME2\WINDOWS\SYSWOW64\MSI.DLL, \DEVICE\HARDDISKVOLUME2\WINDOWS\SYSWOW64\SHLWAPI.DLL, \DEVICE\HARDDISKVOLUME2\WINDOWS\SYSWOW64\APPHELP.DLL, \DEVICE\HARDDISKVOLUME2\WINDOWS\APPPATCH\SYSMAIN.SDB, \DEVICE\HARDDISKVOLUME2\WINDOWS\APPPATCH\ACLAYERS.DLL, \DEVICE\HARDDISKVOLUME2\WINDOWS\SYSWOW64\SHELL32.DLL, \DEVICE\HARDDISKVOLUME2\WINDOWS\SYSWOW64\OLEAUT32.DLL, \DEVICE\HARDDISKVOLUME2\WINDOWS\SYSWOW64\USERENV.DLL, \DEVICE\HARDDISKVOLUME2\WINDOWS\SYSWOW64\PROFAPI.DLL, \DEVICE\HARDDISKVOLUME2\WINDOWS\SYSWOW64\WINSPOOL.DRV, \DEVICE\HARDDISKVOLUME2\WINDOWS\SYSWOW64\MPR.DLL, \DEVICE\HARDDISKVOLUME2\WINDOWS\APPPATCH\ACGENRAL.DLL, \DEVICE\HARDDISKVOLUME2\WINDOWS\SYSWOW64\UXTHEME.DLL, \DEVICE\HARDDISKVOLUME2\WINDOWS\SYSWOW64\WINMM.DLL, \DEVICE\HARDDISKVOLUME2\WINDOWS\SYSWOW64\SAMCLI.DLL, \DEVICE\HARDDISKVOLUME2\WINDOWS\SYSWOW64\MSACM32.DLL, \DEVICE\HARDDISKVOLUME2\WINDOWS\SYSWOW64\VERSION.DLL, \DEVICE\HARDDISKVOLUME2\WINDOWS\SYSWOW64\SFC.DLL, \DEVICE\HARDDISKVOLUME2\WINDOWS\SYSWOW64\SFC_OS.DLL, \DEVICE\HARDDISKVOLUME2\WINDOWS\SYSWOW64\DWMAPI.DLL, \DEVICE\HARDDISKVOLUME2\WINDOWS\SYSWOW64\SETUPAPI.DLL, \DEVICE\HARDDISKVOLUME2\WINDOWS\SYSWOW64\CFGMGR32.DLL, \DEVICE\HARDDISKVOLUME2\WINDOWS\SYSWOW64\DEVOBJ.DLL, \DEVICE\HARDDISKVOLUME2\WINDOWS\SYSWOW64\URLMON.DLL, \DEVICE\HARDDISKVOLUME2\WINDOWS\SYSWOW64\WININET.DLL, \DEVICE\HARDDISKVOLUME2\WINDOWS\SYSWOW64\IERTUTIL.DLL, \DEVICE\HARDDISKVOLUME2\WINDOWS\SYSWOW64\CRYPT32.DLL, \DEVICE\HARDDISKVOLUME2\WINDOWS\SYSWOW64\MSASN1.DLL, \DEVICE\HARDDISKVOLUME2\WINDOWS\SYSWOW64\IMM32.DLL, \DEVICE\HARDDISKVOLUME2\WINDOWS\SYSWOW64\MSCTF.DLL, \DEVICE\HARDDISKVOLUME2\WINDOWS\SYSWOW64\EN-US\MSIEXEC.EXE.MUI, \DEVICE\HARDDISKVOLUME2\WINDOWS\WINSXS\X86_MICROSOFT.WINDOWS.COMMON-CONTROLS_6595B64144CCF1DF_6.0.7601.17514_NONE_41E6975E2BD6F2B2\COMCTL32.DLL, \DEVICE\HARDDISKVOLUME2\WINDOWS\WINDOWSSHELL.MANIFEST, \DEVICE\HARDDISKVOLUME2\WINDOWS\GLOBALIZATION\SORTING\SORTDEFAULT.NLS, \DEVICE\HARDDISKVOLUME2\WINDOWS\SYSWOW64\CLBCATQ.DLL, \DEVICE\HARDDISKVOLUME2\WINDOWS\SYSWOW64\CRYPTSP.DLL, \DEVICE\HARDDISKVOLUME2\WINDOWS\SYSWOW64\RSAENH.DLL, \DEVICE\HARDDISKVOLUME2\WINDOWS\SYSWOW64\RPCRTREMOTE.DLL, \DEVICE\HARDDISKVOLUME2\USERS\STUDENT\APPDATA\LOCAL\TEMP\MSI8609.TMP, \DEVICE\HARDDISKVOLUME2\WINDOWS\SYSWOW64\COMDLG32.DLL",False
,C:\Users\BRIANNA\OneDrive\Documents\GitHub\NSSECU3_MP2\win7_files\Prefetch\RDPCLIP.EXE-9067FA0E.pf,1979-12-31 16:00:00,2025-02-18 17:39:10,2025-02-19 10:02:47,RDPCLIP.EXE,9067FA0E,13714,Windows Vista or Windows 7,1,2025-02-18 17:19:36,,,,,,,,\DEVICE\HARDDISKVOLUME2,84AABEBE,2024-05-27 03:33:38,,,,"\DEVICE\HARDDISKVOLUME2\WINDOWS, \DEVICE\HARDDISKVOLUME2\WINDOWS\SYSTEM32, \DEVICE\HARDDISKVOLUME2\WINDOWS\SYSTEM32\EN-US","\DEVICE\HARDDISKVOLUME2\WINDOWS\SYSTEM32\NTDLL.DLL, \DEVICE\HARDDISKVOLUME2\WINDOWS\SYSTEM32\KERNEL32.DLL, \DEVICE\HARDDISKVOLUME2\WINDOWS\SYSTEM32\APISETSCHEMA.DLL, \DEVICE\HARDDISKVOLUME2\WINDOWS\SYSTEM32\KERNELBASE.DLL, \DEVICE\HARDDISKVOLUME2\WINDOWS\SYSTEM32\LOCALE.NLS, \DEVICE\HARDDISKVOLUME2\WINDOWS\SYSTEM32\RDPCLIP.EXE, \DEVICE\HARDDISKVOLUME2\WINDOWS\SYSTEM32\ADVAPI32.DLL, \DEVICE\HARDDISKVOLUME2\WINDOWS\SYSTEM32\MSVCRT.DLL, \DEVICE\HARDDISKVOLUME2\WINDOWS\SYSTEM32\SECHOST.DLL, \DEVICE\HARDDISKVOLUME2\WINDOWS\SYSTEM32\RPCRT4.DLL, \DEVICE\HARDDISKVOLUME2\WINDOWS\SYSTEM32\USER32.DLL, \DEVICE\HARDDISKVOLUME2\WINDOWS\SYSTEM32\GDI32.DLL, \DEVICE\HARDDISKVOLUME2\WINDOWS\SYSTEM32\LPK.DLL, \DEVICE\HARDDISKVOLUME2\WINDOWS\SYSTEM32\USP10.DLL, \DEVICE\HARDDISKVOLUME2\WINDOWS\SYSTEM32\SHELL32.DLL, \DEVICE\HARDDISKVOLUME2\WINDOWS\SYSTEM32\SHLWAPI.DLL, \DEVICE\HARDDISKVOLUME2\WINDOWS\SYSTEM32\WINSTA.DLL, \DEVICE\HARDDISKVOLUME2\WINDOWS\SYSTEM32\WTSAPI32.DLL, \DEVICE\HARDDISKVOLUME2\WINDOWS\SYSTEM32\MPR.DLL, \DEVICE\HARDDISKVOLUME2\WINDOWS\SYSTEM32\WINSPOOL.DRV, \DEVICE\HARDDISKVOLUME2\WINDOWS\SYSTEM32\OLE32.DLL, \DEVICE\HARDDISKVOLUME2\WINDOWS\SYSTEM32\IMM32.DLL, \DEVICE\HARDDISKVOLUME2\WINDOWS\SYSTEM32\MSCTF.DLL, \DEVICE\HARDDISKVOLUME2\$MFT, \DEVICE\HARDDISKVOLUME2\WINDOWS\SYSTEM32\EN-US\RDPCLIP.EXE.MUI, \DEVICE\HARDDISKVOLUME2\WINDOWS\SYSTEM32\UXTHEME.DLL, \DEVICE\HARDDISKVOLUME2\WINDOWS\SYSTEM32\DWMAPI.DLL, \DEVICE\HARDDISKVOLUME2\WINDOWS\SYSTEM32\RPCRTREMOTE.DLL, \DEVICE\HARDDISKVOLUME2\WINDOWS\SYSTEM32\RPCSS.DLL, \DEVICE\HARDDISKVOLUME2\WINDOWS\SYSTEM32\CRYPTBASE.DLL",False
,C:\Users\BRIANNA\OneDrive\Documents\GitHub\NSSECU3_MP2\win7_files\Prefetch\SEARCHFILTERHOST.EXE-77482212.pf,1979-12-31 16:00:00,2025-02-18 17:39:10,2025-02-19 10:02:47,SEARCHFILTERHOST.EXE,77482212,15850,Windows Vista or Windows 7,3,2025-02-18 17:33:20,,,,,,,,\DEVICE\HARDDISKVOLUME2,84AABEBE,2024-05-27 03:33:38,,,,"\DEVICE\HARDDISKVOLUME2\WINDOWS, \DEVICE\HARDDISKVOLUME2\WINDOWS\GLOBALIZATION, \DEVICE\HARDDISKVOLUME2\WINDOWS\GLOBALIZATION\SORTING, \DEVICE\HARDDISKVOLUME2\WINDOWS\MICROSOFT.NET, \DEVICE\HARDDISKVOLUME2\WINDOWS\MICROSOFT.NET\FRAMEWORK64, \DEVICE\HARDDISKVOLUME2\WINDOWS\SYSTEM32","\DEVICE\HARDDISKVOLUME2\WINDOWS\SYSTEM32\NTDLL.DLL, \DEVICE\HARDDISKVOLUME2\WINDOWS\SYSTEM32\KERNEL32.DLL, \DEVICE\HARDDISKVOLUME2\WINDOWS\SYSTEM32\APISETSCHEMA.DLL, \DEVICE\HARDDISKVOLUME2\WINDOWS\SYSTEM32\KERNELBASE.DLL, \DEVICE\HARDDISKVOLUME2\WINDOWS\SYSTEM32\LOCALE.NLS, \DEVICE\HARDDISKVOLUME2\WINDOWS\SYSTEM32\SEARCHFILTERHOST.EXE, \DEVICE\HARDDISKVOLUME2\WINDOWS\SYSTEM32\ADVAPI32.DLL, \DEVICE\HARDDISKVOLUME2\WINDOWS\SYSTEM32\MSVCRT.DLL, \DEVICE\HARDDISKVOLUME2\WINDOWS\SYSTEM32\SECHOST.DLL, \DEVICE\HARDDISKVOLUME2\WINDOWS\SYSTEM32\RPCRT4.DLL, \DEVICE\HARDDISKVOLUME2\WINDOWS\SYSTEM32\USER32.DLL, \DEVICE\HARDDISKVOLUME2\WINDOWS\SYSTEM32\GDI32.DLL, \DEVICE\HARDDISKVOLUME2\WINDOWS\SYSTEM32\LPK.DLL, \DEVICE\HARDDISKVOLUME2\WINDOWS\SYSTEM32\USP10.DLL, \DEVICE\HARDDISKVOLUME2\WINDOWS\SYSTEM32\OLE32.DLL, \DEVICE\HARDDISKVOLUME2\WINDOWS\SYSTEM32\OLEAUT32.DLL, \DEVICE\HARDDISKVOLUME2\WINDOWS\SYSTEM32\TQUERY.DLL, \DEVICE\HARDDISKVOLUME2\WINDOWS\SYSTEM32\SHLWAPI.DLL, \DEVICE\HARDDISKVOLUME2\WINDOWS\SYSTEM32\IMM32.DLL, \DEVICE\HARDDISKVOLUME2\WINDOWS\SYSTEM32\MSCTF.DLL, \DEVICE\HARDDISKVOLUME2\WINDOWS\SYSTEM32\MSSHOOKS.DLL, \DEVICE\HARDDISKVOLUME2\WINDOWS\SYSTEM32\MSCOREE.DLL, \DEVICE\HARDDISKVOLUME2\WINDOWS\SYSTEM32\RPCSS.DLL, \DEVICE\HARDDISKVOLUME2\WINDOWS\SYSTEM32\CRYPTBASE.DLL, \DEVICE\HARDDISKVOLUME2\WINDOWS\SYSTEM32\CLBCATQ.DLL, \DEVICE\HARDDISKVOLUME2\WINDOWS\SYSTEM32\CRYPTSP.DLL, \DEVICE\HARDDISKVOLUME2\WINDOWS\SYSTEM32\RSAENH.DLL, \DEVICE\HARDDISKVOLUME2\WINDOWS\GLOBALIZATION\SORTING\SORTDEFAULT.NLS, \DEVICE\HARDDISKVOLUME2\WINDOWS\SYSTEM32\RPCRTREMOTE.DLL, \DEVICE\HARDDISKVOLUME2\WINDOWS\SYSTEM32\MSSPRXY.DLL",False
,C:\Users\BRIANNA\OneDrive\Documents\GitHub\NSSECU3_MP2\win7_files\Prefetch\SEARCHPROTOCOLHOST.EXE-0CB8CADE.pf,1979-12-31 16:00:00,2025-02-18 17:39:10,2025-02-19 10:02:47,SEARCHPROTOCOLHOST.EXE,CB8CADE,11754,Windows Vista or Windows 7,3,2025-02-18 17:33:20,,,,,,,,\DEVICE\HARDDISKVOLUME2,84AABEBE,2024-05-27 03:33:38,,,,"\DEVICE\HARDDISKVOLUME2\WINDOWS, \DEVICE\HARDDISKVOLUME2\WINDOWS\SYSTEM32","\DEVICE\HARDDISKVOLUME2\WINDOWS\SYSTEM32\NTDLL.DLL, \DEVICE\HARDDISKVOLUME2\WINDOWS\SYSTEM32\KERNEL32.DLL, \DEVICE\HARDDISKVOLUME2\WINDOWS\SYSTEM32\APISETSCHEMA.DLL, \DEVICE\HARDDISKVOLUME2\WINDOWS\SYSTEM32\KERNELBASE.DLL, \DEVICE\HARDDISKVOLUME2\WINDOWS\SYSTEM32\LOCALE.NLS, \DEVICE\HARDDISKVOLUME2\WINDOWS\SYSTEM32\SEARCHPROTOCOLHOST.EXE, \DEVICE\HARDDISKVOLUME2\WINDOWS\SYSTEM32\ADVAPI32.DLL, \DEVICE\HARDDISKVOLUME2\WINDOWS\SYSTEM32\MSVCRT.DLL, \DEVICE\HARDDISKVOLUME2\WINDOWS\SYSTEM32\SECHOST.DLL, \DEVICE\HARDDISKVOLUME2\WINDOWS\SYSTEM32\RPCRT4.DLL, \DEVICE\HARDDISKVOLUME2\WINDOWS\SYSTEM32\USER32.DLL, \DEVICE\HARDDISKVOLUME2\WINDOWS\SYSTEM32\GDI32.DLL, \DEVICE\HARDDISKVOLUME2\WINDOWS\SYSTEM32\LPK.DLL, \DEVICE\HARDDISKVOLUME2\WINDOWS\SYSTEM32\USP10.DLL, \DEVICE\HARDDISKVOLUME2\WINDOWS\SYSTEM32\OLE32.DLL, \DEVICE\HARDDISKVOLUME2\WINDOWS\SYSTEM32\OLEAUT32.DLL, \DEVICE\HARDDISKVOLUME2\WINDOWS\SYSTEM32\TQUERY.DLL, \DEVICE\HARDDISKVOLUME2\WINDOWS\SYSTEM32\SHLWAPI.DLL, \DEVICE\HARDDISKVOLUME2\WINDOWS\SYSTEM32\MSSHOOKS.DLL, \DEVICE\HARDDISKVOLUME2\WINDOWS\SYSTEM32\IMM32.DLL, \DEVICE\HARDDISKVOLUME2\WINDOWS\SYSTEM32\MSCTF.DLL, \DEVICE\HARDDISKVOLUME2\WINDOWS\SYSTEM32\RPCSS.DLL, \DEVICE\HARDDISKVOLUME2\WINDOWS\SYSTEM32\CRYPTBASE.DLL, \DEVICE\HARDDISKVOLUME2\WINDOWS\SYSTEM32\MSIDLE.DLL, \DEVICE\HARDDISKVOLUME2\WINDOWS\SYSTEM32\CLBCATQ.DLL",False
,C:\Users\BRIANNA\OneDrive\Documents\GitHub\NSSECU3_MP2\win7_files\Prefetch\SLUI.EXE-724E99D9.pf,1979-12-31 16:00:00,2025-02-18 17:39:10,2025-02-19 10:02:47,SLUI.EXE,724E99D9,26180,Windows Vista or Windows 7,2,2025-02-18 17:33:00,,,,,,,,\DEVICE\HARDDISKVOLUME2,84AABEBE,2024-05-27 03:33:38,,,,"\DEVICE\HARDDISKVOLUME2\WINDOWS, \DEVICE\HARDDISKVOLUME2\WINDOWS\GLOBALIZATION, \DEVICE\HARDDISKVOLUME2\WINDOWS\GLOBALIZATION\SORTING, \DEVICE\HARDDISKVOLUME2\WINDOWS\SYSTEM32, \DEVICE\HARDDISKVOLUME2\WINDOWS\SYSTEM32\EN-US, \DEVICE\HARDDISKVOLUME2\WINDOWS\WINSXS\AMD64_MICROSOFT.WINDOWS.COMMON-CONTROLS_6595B64144CCF1DF_6.0.7601.17514_NONE_FA396087175AC9AC","\DEVICE\HARDDISKVOLUME2\WINDOWS\SYSTEM32\NTDLL.DLL, \DEVICE\HARDDISKVOLUME2\WINDOWS\SYSTEM32\KERNEL32.DLL, \DEVICE\HARDDISKVOLUME2\WINDOWS\SYSTEM32\APISETSCHEMA.DLL, \DEVICE\HARDDISKVOLUME2\WINDOWS\SYSTEM32\KERNELBASE.DLL, \DEVICE\HARDDISKVOLUME2\WINDOWS\SYSTEM32\LOCALE.NLS, \DEVICE\HARDDISKVOLUME2\WINDOWS\SYSTEM32\SLUI.EXE, \DEVICE\HARDDISKVOLUME2\WINDOWS\SYSTEM32\ADVAPI32.DLL, \DEVICE\HARDDISKVOLUME2\WINDOWS\SYSTEM32\MSVCRT.DLL, \DEVICE\HARDDISKVOLUME2\WINDOWS\SYSTEM32\SECHOST.DLL, \DEVICE\HARDDISKVOLUME2\WINDOWS\SYSTEM32\RPCRT4.DLL, \DEVICE\HARDDISKVOLUME2\WINDOWS\SYSTEM32\USER32.DLL, \DEVICE\HARDDISKVOLUME2\WINDOWS\SYSTEM32\GDI32.DLL, \DEVICE\HARDDISKVOLUME2\WINDOWS\SYSTEM32\LPK.DLL, \DEVICE\HARDDISKVOLUME2\WINDOWS\SYSTEM32\USP10.DLL, \DEVICE\HARDDISKVOLUME2\WINDOWS\SYSTEM32\SPPCOMMDLG.DLL, \DEVICE\HARDDISKVOLUME2\WINDOWS\WINSXS\AMD64_MICROSOFT.WINDOWS.COMMON-CONTROLS_6595B64144CCF1DF_6.0.7601.17514_NONE_FA396087175AC9AC\COMCTL32.DLL, \DEVICE\HARDDISKVOLUME2\WINDOWS\SYSTEM32\SHLWAPI.DLL, \DEVICE\HARDDISKVOLUME2\WINDOWS\SYSTEM32\IMM32.DLL, \DEVICE\HARDDISKVOLUME2\WINDOWS\SYSTEM32\MSCTF.DLL, \DEVICE\HARDDISKVOLUME2\WINDOWS\SYSTEM32\OLE32.DLL, \DEVICE\HARDDISKVOLUME2\WINDOWS\SYSTEM32\OLEAUT32.DLL, \DEVICE\HARDDISKVOLUME2\WINDOWS\SYSTEM32\SHELL32.DLL, \DEVICE\HARDDISKVOLUME2\WINDOWS\SYSTEM32\WINBRAND.DLL, \DEVICE\HARDDISKVOLUME2\WINDOWS\SYSTEM32\SLC.DLL, \DEVICE\HARDDISKVOLUME2\WINDOWS\SYSTEM32\SPPC.DLL, \DEVICE\HARDDISKVOLUME2\WINDOWS\SYSTEM32\EN-US\SLUI.EXE.MUI, \DEVICE\HARDDISKVOLUME2\WINDOWS\WINDOWSSHELL.MANIFEST, \DEVICE\HARDDISKVOLUME2\WINDOWS\SYSTEM32\RPCSS.DLL, \DEVICE\HARDDISKVOLUME2\WINDOWS\SYSTEM32\CRYPTBASE.DLL, \DEVICE\HARDDISKVOLUME2\WINDOWS\SYSTEM32\CLBCATQ.DLL, \DEVICE\HARDDISKVOLUME2\WINDOWS\SYSTEM32\CRYPTSP.DLL, \DEVICE\HARDDISKVOLUME2\WINDOWS\SYSTEM32\RSAENH.DLL, \DEVICE\HARDDISKVOLUME2\WINDOWS\GLOBALIZATION\SORTING\SORTDEFAULT.NLS, \DEVICE\HARDDISKVOLUME2\WINDOWS\SYSTEM32\RPCRTREMOTE.DLL, \DEVICE\HARDDISKVOLUME2\WINDOWS\SYSTEM32\SPPCOMAPI.DLL, \DEVICE\HARDDISKVOLUME2\WINDOWS\SYSTEM32\SPPCEXT.DLL, \DEVICE\HARDDISKVOLUME2\WINDOWS\SYSTEM32\CRYPT32.DLL, \DEVICE\HARDDISKVOLUME2\WINDOWS\SYSTEM32\MSASN1.DLL, \DEVICE\HARDDISKVOLUME2\WINDOWS\SYSTEM32\WINSCARD.DLL, \DEVICE\HARDDISKVOLUME2\WINDOWS\SYSTEM32\WINHTTP.DLL, \DEVICE\HARDDISKVOLUME2\WINDOWS\SYSTEM32\WEBIO.DLL, \DEVICE\HARDDISKVOLUME2\WINDOWS\SYSTEM32\RASAPI32.DLL, \DEVICE\HARDDISKVOLUME2\WINDOWS\SYSTEM32\RASMAN.DLL, \DEVICE\HARDDISKVOLUME2\WINDOWS\SYSTEM32\WS2_32.DLL, \DEVICE\HARDDISKVOLUME2\WINDOWS\SYSTEM32\NSI.DLL, \DEVICE\HARDDISKVOLUME2\WINDOWS\SYSTEM32\SETUPAPI.DLL, \DEVICE\HARDDISKVOLUME2\WINDOWS\SYSTEM32\CFGMGR32.DLL, \DEVICE\HARDDISKVOLUME2\WINDOWS\SYSTEM32\DEVOBJ.DLL, \DEVICE\HARDDISKVOLUME2\WINDOWS\SYSTEM32\TAPI32.DLL, \DEVICE\HARDDISKVOLUME2\WINDOWS\SYSTEM32\MSI.DLL, \DEVICE\HARDDISKVOLUME2\WINDOWS\SYSTEM32\SLWGA.DLL, \DEVICE\HARDDISKVOLUME2\WINDOWS\SYSTEM32\WTSAPI32.DLL, \DEVICE\HARDDISKVOLUME2\WINDOWS\SYSTEM32\CRYPTUI.DLL, \DEVICE\HARDDISKVOLUME2\WINDOWS\SYSTEM32\SXS.DLL, \DEVICE\HARDDISKVOLUME2\WINDOWS\SYSTEM32\STDOLE2.TLB",False
,C:\Users\BRIANNA\OneDrive\Documents\GitHub\NSSECU3_MP2\win7_files\Prefetch\SMSS.EXE-E9C28FC6.pf,1979-12-31 16:00:00,2025-02-18 17:39:10,2025-02-19 10:02:47,SMSS.EXE,E9C28FC6,2336,Windows Vista or Windows 7,2,2025-02-18 17:19:35,,,,,,,,\DEVICE\HARDDISKVOLUME2,84AABEBE,2024-05-27 03:33:38,,,,"\DEVICE\HARDDISKVOLUME2\WINDOWS, \DEVICE\HARDDISKVOLUME2\WINDOWS\SYSTEM32","\DEVICE\HARDDISKVOLUME2\WINDOWS\SYSTEM32\NTDLL.DLL, \DEVICE\HARDDISKVOLUME2\WINDOWS\SYSTEM32\SMSS.EXE, \DEVICE\HARDDISKVOLUME2\WINDOWS\SYSTEM32\APISETSCHEMA.DLL",False
,C:\Users\BRIANNA\OneDrive\Documents\GitHub\NSSECU3_MP2\win7_files\Prefetch\SPOOLSV.EXE-D1F6B8B6.pf,1979-12-31 16:00:00,2025-02-18 17:39:10,2025-02-19 10:02:47,SPOOLSV.EXE,D1F6B8B6,14202,Windows Vista or Windows 7,1,2025-02-18 17:06:23,,,,,,,,\DEVICE\HARDDISKVOLUME2,84AABEBE,2024-05-27 03:33:38,,,,"\DEVICE\HARDDISKVOLUME2\WINDOWS, \DEVICE\HARDDISKVOLUME2\WINDOWS\SYSTEM32","\DEVICE\HARDDISKVOLUME2\WINDOWS\SYSTEM32\NTDLL.DLL, \DEVICE\HARDDISKVOLUME2\WINDOWS\SYSTEM32\KERNEL32.DLL, \DEVICE\HARDDISKVOLUME2\WINDOWS\SYSTEM32\APISETSCHEMA.DLL, \DEVICE\HARDDISKVOLUME2\WINDOWS\SYSTEM32\KERNELBASE.DLL, \DEVICE\HARDDISKVOLUME2\WINDOWS\SYSTEM32\LOCALE.NLS, \DEVICE\HARDDISKVOLUME2\WINDOWS\SYSTEM32\SPOOLSV.EXE, \DEVICE\HARDDISKVOLUME2\WINDOWS\SYSTEM32\MSVCRT.DLL, \DEVICE\HARDDISKVOLUME2\WINDOWS\SYSTEM32\SECHOST.DLL, \DEVICE\HARDDISKVOLUME2\WINDOWS\SYSTEM32\RPCRT4.DLL, \DEVICE\HARDDISKVOLUME2\WINDOWS\SYSTEM32\USER32.DLL, \DEVICE\HARDDISKVOLUME2\WINDOWS\SYSTEM32\GDI32.DLL, \DEVICE\HARDDISKVOLUME2\WINDOWS\SYSTEM32\LPK.DLL, \DEVICE\HARDDISKVOLUME2\WINDOWS\SYSTEM32\USP10.DLL, \DEVICE\HARDDISKVOLUME2\WINDOWS\SYSTEM32\POWRPROF.DLL, \DEVICE\HARDDISKVOLUME2\WINDOWS\SYSTEM32\SETUPAPI.DLL, \DEVICE\HARDDISKVOLUME2\WINDOWS\SYSTEM32\CFGMGR32.DLL, \DEVICE\HARDDISKVOLUME2\WINDOWS\SYSTEM32\ADVAPI32.DLL, \DEVICE\HARDDISKVOLUME2\WINDOWS\SYSTEM32\OLEAUT32.DLL, \DEVICE\HARDDISKVOLUME2\WINDOWS\SYSTEM32\OLE32.DLL, \DEVICE\HARDDISKVOLUME2\WINDOWS\SYSTEM32\DEVOBJ.DLL, \DEVICE\HARDDISKVOLUME2\WINDOWS\SYSTEM32\DNSAPI.DLL, \DEVICE\HARDDISKVOLUME2\WINDOWS\SYSTEM32\WS2_32.DLL, \DEVICE\HARDDISKVOLUME2\WINDOWS\SYSTEM32\NSI.DLL, \DEVICE\HARDDISKVOLUME2\WINDOWS\SYSTEM32\IMM32.DLL, \DEVICE\HARDDISKVOLUME2\WINDOWS\SYSTEM32\MSCTF.DLL, \DEVICE\HARDDISKVOLUME2\WINDOWS\SYSTEM32\RPCSS.DLL, \DEVICE\HARDDISKVOLUME2\WINDOWS\SYSTEM32\CRYPTBASE.DLL, \DEVICE\HARDDISKVOLUME2\WINDOWS\SYSTEM32\SLC.DLL, \DEVICE\HARDDISKVOLUME2\WINDOWS\SYSTEM32\RPCRTREMOTE.DLL, \DEVICE\HARDDISKVOLUME2\WINDOWS\SYSTEM32\SECUR32.DLL, \DEVICE\HARDDISKVOLUME2\WINDOWS\SYSTEM32\SSPICLI.DLL, \DEVICE\HARDDISKVOLUME2\WINDOWS\SYSTEM32\CRYPTSP.DLL, \DEVICE\HARDDISKVOLUME2\WINDOWS\SYSTEM32\CREDSSP.DLL",False
,C:\Users\BRIANNA\OneDrive\Documents\GitHub\NSSECU3_MP2\win7_files\Prefetch\SVCHOST.EXE-7CFEDEA3.pf,1979-12-31 16:00:00,2025-02-18 17:39:10,2025-02-19 10:02:47,SVCHOST.EXE,7CFEDEA3,17370,Windows Vista or Windows 7,1,2025-02-18 17:07:55,,,,,,,,\DEVICE\HARDDISKVOLUME2,84AABEBE,2024-05-27 03:33:38,,,,"\DEVICE\HARDDISKVOLUME2\WINDOWS, \DEVICE\HARDDISKVOLUME2\WINDOWS\GLOBALIZATION, \DEVICE\HARDDISKVOLUME2\WINDOWS\GLOBALIZATION\SORTING, \DEVICE\HARDDISKVOLUME2\WINDOWS\SYSTEM32","\DEVICE\HARDDISKVOLUME2\WINDOWS\SYSTEM32\NTDLL.DLL, \DEVICE\HARDDISKVOLUME2\WINDOWS\SYSTEM32\KERNEL32.DLL, \DEVICE\HARDDISKVOLUME2\WINDOWS\SYSTEM32\APISETSCHEMA.DLL, \DEVICE\HARDDISKVOLUME2\WINDOWS\SYSTEM32\KERNELBASE.DLL, \DEVICE\HARDDISKVOLUME2\WINDOWS\SYSTEM32\LOCALE.NLS, \DEVICE\HARDDISKVOLUME2\WINDOWS\SYSTEM32\SVCHOST.EXE, \DEVICE\HARDDISKVOLUME2\WINDOWS\SYSTEM32\MSVCRT.DLL, \DEVICE\HARDDISKVOLUME2\WINDOWS\SYSTEM32\SECHOST.DLL, \DEVICE\HARDDISKVOLUME2\WINDOWS\SYSTEM32\RPCRT4.DLL, \DEVICE\HARDDISKVOLUME2\WINDOWS\GLOBALIZATION\SORTING\SORTDEFAULT.NLS, \DEVICE\HARDDISKVOLUME2\WINDOWS\SYSTEM32\SWPRV.DLL, \DEVICE\HARDDISKVOLUME2\WINDOWS\SYSTEM32\ATL.DLL, \DEVICE\HARDDISKVOLUME2\WINDOWS\SYSTEM32\USER32.DLL, \DEVICE\HARDDISKVOLUME2\WINDOWS\SYSTEM32\GDI32.DLL, \DEVICE\HARDDISKVOLUME2\WINDOWS\SYSTEM32\LPK.DLL, \DEVICE\HARDDISKVOLUME2\WINDOWS\SYSTEM32\USP10.DLL, \DEVICE\HARDDISKVOLUME2\WINDOWS\SYSTEM32\VSSTRACE.DLL, \DEVICE\HARDDISKVOLUME2\WINDOWS\SYSTEM32\VIRTDISK.DLL, \DEVICE\HARDDISKVOLUME2\WINDOWS\SYSTEM32\ADVAPI32.DLL, \DEVICE\HARDDISKVOLUME2\WINDOWS\SYSTEM32\FLTLIB.DLL, \DEVICE\HARDDISKVOLUME2\WINDOWS\SYSTEM32\IMM32.DLL, \DEVICE\HARDDISKVOLUME2\WINDOWS\SYSTEM32\MSCTF.DLL, \DEVICE\HARDDISKVOLUME2\WINDOWS\SYSTEM32\OLE32.DLL, \DEVICE\HARDDISKVOLUME2\WINDOWS\SYSTEM32\RPCSS.DLL, \DEVICE\HARDDISKVOLUME2\WINDOWS\SYSTEM32\CRYPTBASE.DLL, \DEVICE\HARDDISKVOLUME2\WINDOWS\SYSTEM32\CRYPTSP.DLL, \DEVICE\HARDDISKVOLUME2\WINDOWS\SYSTEM32\RSAENH.DLL, \DEVICE\HARDDISKVOLUME2\WINDOWS\SYSTEM32\RPCRTREMOTE.DLL, \DEVICE\HARDDISKVOLUME2\WINDOWS\SYSTEM32\CLBCATQ.DLL, \DEVICE\HARDDISKVOLUME2\WINDOWS\SYSTEM32\OLEAUT32.DLL, \DEVICE\HARDDISKVOLUME2\WINDOWS\SYSTEM32\VSS_PS.DLL, \DEVICE\HARDDISKVOLUME2\WINDOWS\SYSTEM32\VSSAPI.DLL",False
,C:\Users\BRIANNA\OneDrive\Documents\GitHub\NSSECU3_MP2\win7_files\Prefetch\SYSTEMPROPERTIESREMOTE.EXE-3795D2B6.pf,1979-12-31 16:00:00,2025-02-18 17:39:10,2025-02-19 10:02:47,SYSTEMPROPERTIESREMOTE.EXE,3795D2B6,33890,Windows Vista or Windows 7,1,2025-02-18 17:16:59,,,,,,,,\DEVICE\HARDDISKVOLUME2,84AABEBE,2024-05-27 03:33:38,,,,"\DEVICE\HARDDISKVOLUME2\WINDOWS, \DEVICE\HARDDISKVOLUME2\WINDOWS\FONTS, \DEVICE\HARDDISKVOLUME2\WINDOWS\GLOBALIZATION, \DEVICE\HARDDISKVOLUME2\WINDOWS\GLOBALIZATION\SORTING, \DEVICE\HARDDISKVOLUME2\WINDOWS\SYSTEM32, \DEVICE\HARDDISKVOLUME2\WINDOWS\SYSTEM32\EN-US, \DEVICE\HARDDISKVOLUME2\WINDOWS\WINSXS\AMD64_MICROSOFT.WINDOWS.C..-CONTROLS.RESOURCES_6595B64144CCF1DF_6.0.7600.16385_EN-US_106F9BE843A9B4E3, \DEVICE\HARDDISKVOLUME2\WINDOWS\WINSXS\AMD64_MICROSOFT.WINDOWS.COMMON-CONTROLS_6595B64144CCF1DF_6.0.7601.17514_NONE_FA396087175AC9AC, \DEVICE\HARDDISKVOLUME2\WINDOWS\WINSXS\AMD64_MICROSOFT.WINDOWS.GDIPLUS_6595B64144CCF1DF_1.1.7601.17514_NONE_2B24536C71ED437A","\DEVICE\HARDDISKVOLUME2\WINDOWS\SYSTEM32\NTDLL.DLL, \DEVICE\HARDDISKVOLUME2\WINDOWS\SYSTEM32\KERNEL32.DLL, \DEVICE\HARDDISKVOLUME2\WINDOWS\SYSTEM32\APISETSCHEMA.DLL, \DEVICE\HARDDISKVOLUME2\WINDOWS\SYSTEM32\KERNELBASE.DLL, \DEVICE\HARDDISKVOLUME2\WINDOWS\SYSTEM32\LOCALE.NLS, \DEVICE\HARDDISKVOLUME2\WINDOWS\SYSTEM32\SYSTEMPROPERTIESREMOTE.EXE, \DEVICE\HARDDISKVOLUME2\WINDOWS\SYSTEM32\MSVCRT.DLL, \DEVICE\HARDDISKVOLUME2\WINDOWS\SYSTEM32\SYSDM.CPL, \DEVICE\HARDDISKVOLUME2\WINDOWS\SYSTEM32\USER32.DLL, \DEVICE\HARDDISKVOLUME2\WINDOWS\SYSTEM32\GDI32.DLL, \DEVICE\HARDDISKVOLUME2\WINDOWS\SYSTEM32\LPK.DLL, \DEVICE\HARDDISKVOLUME2\WINDOWS\SYSTEM32\USP10.DLL, \DEVICE\HARDDISKVOLUME2\WINDOWS\SYSTEM32\OLE32.DLL, \DEVICE\HARDDISKVOLUME2\WINDOWS\SYSTEM32\RPCRT4.DLL, \DEVICE\HARDDISKVOLUME2\WINDOWS\WINSXS\AMD64_MICROSOFT.WINDOWS.COMMON-CONTROLS_6595B64144CCF1DF_6.0.7601.17514_NONE_FA396087175AC9AC\COMCTL32.DLL, \DEVICE\HARDDISKVOLUME2\WINDOWS\SYSTEM32\SHLWAPI.DLL, \DEVICE\HARDDISKVOLUME2\WINDOWS\SYSTEM32\ADVAPI32.DLL, \DEVICE\HARDDISKVOLUME2\WINDOWS\SYSTEM32\SECHOST.DLL, \DEVICE\HARDDISKVOLUME2\WINDOWS\SYSTEM32\SHELL32.DLL, \DEVICE\HARDDISKVOLUME2\WINDOWS\SYSTEM32\USERENV.DLL, \DEVICE\HARDDISKVOLUME2\WINDOWS\SYSTEM32\PROFAPI.DLL, \DEVICE\HARDDISKVOLUME2\WINDOWS\SYSTEM32\VERSION.DLL, \DEVICE\HARDDISKVOLUME2\WINDOWS\SYSTEM32\COMDLG32.DLL, \DEVICE\HARDDISKVOLUME2\WINDOWS\SYSTEM32\IMAGEHLP.DLL, \DEVICE\HARDDISKVOLUME2\WINDOWS\SYSTEM32\WINSTA.DLL, \DEVICE\HARDDISKVOLUME2\WINDOWS\SYSTEM32\SETUPAPI.DLL, \DEVICE\HARDDISKVOLUME2\WINDOWS\SYSTEM32\CFGMGR32.DLL, \DEVICE\HARDDISKVOLUME2\WINDOWS\SYSTEM32\OLEAUT32.DLL, \DEVICE\HARDDISKVOLUME2\WINDOWS\SYSTEM32\DEVOBJ.DLL, \DEVICE\HARDDISKVOLUME2\WINDOWS\SYSTEM32\IMM32.DLL, \DEVICE\HARDDISKVOLUME2\WINDOWS\SYSTEM32\MSCTF.DLL, \DEVICE\HARDDISKVOLUME2\WINDOWS\SYSTEM32\EN-US\SYSTEMPROPERTIESREMOTE.EXE.MUI, \DEVICE\HARDDISKVOLUME2\WINDOWS\WINDOWSSHELL.MANIFEST, \DEVICE\HARDDISKVOLUME2\WINDOWS\SYSTEM32\EN-US\SYSDM.CPL.MUI, \DEVICE\HARDDISKVOLUME2\WINDOWS\SYSTEM32\UXTHEME.DLL, \DEVICE\HARDDISKVOLUME2\WINDOWS\SYSTEM32\DWMAPI.DLL, \DEVICE\HARDDISKVOLUME2\WINDOWS\SYSTEM32\RPCSS.DLL, \DEVICE\HARDDISKVOLUME2\WINDOWS\SYSTEM32\CRYPTBASE.DLL, \DEVICE\HARDDISKVOLUME2\WINDOWS\GLOBALIZATION\SORTING\SORTDEFAULT.NLS, \DEVICE\HARDDISKVOLUME2\WINDOWS\SYSTEM32\MSFTEDIT.DLL, \DEVICE\HARDDISKVOLUME2\WINDOWS\SYSTEM32\NETID.DLL, \DEVICE\HARDDISKVOLUME2\WINDOWS\SYSTEM32\NETAPI32.DLL, \DEVICE\HARDDISKVOLUME2\WINDOWS\SYSTEM32\NETUTILS.DLL, \DEVICE\HARDDISKVOLUME2\WINDOWS\SYSTEM32\SRVCLI.DLL, \DEVICE\HARDDISKVOLUME2\WINDOWS\SYSTEM32\WKSCLI.DLL, \DEVICE\HARDDISKVOLUME2\WINDOWS\SYSTEM32\LOGONCLI.DLL, \DEVICE\HARDDISKVOLUME2\WINDOWS\SYSTEM32\DSROLE.DLL, \DEVICE\HARDDISKVOLUME2\WINDOWS\SYSTEM32\NETJOIN.DLL, \DEVICE\HARDDISKVOLUME2\WINDOWS\SYSTEM32\DNSAPI.DLL, \DEVICE\HARDDISKVOLUME2\WINDOWS\SYSTEM32\WS2_32.DLL, \DEVICE\HARDDISKVOLUME2\WINDOWS\SYSTEM32\NSI.DLL, \DEVICE\HARDDISKVOLUME2\WINDOWS\SYSTEM32\CREDUI.DLL, \DEVICE\HARDDISKVOLUME2\WINDOWS\SYSTEM32\CRYPT32.DLL, \DEVICE\HARDDISKVOLUME2\WINDOWS\SYSTEM32\MSASN1.DLL, \DEVICE\HARDDISKVOLUME2\WINDOWS\SYSTEM32\WLDAP32.DLL, \DEVICE\HARDDISKVOLUME2\WINDOWS\SYSTEM32\WINBRAND.DLL, \DEVICE\HARDDISKVOLUME2\WINDOWS\SYSTEM32\SRRSTR.DLL, \DEVICE\HARDDISKVOLUME2\WINDOWS\SYSTEM32\SPP.DLL, \DEVICE\HARDDISKVOLUME2\WINDOWS\SYSTEM32\VSSAPI.DLL, \DEVICE\HARDDISKVOLUME2\WINDOWS\SYSTEM32\ATL.DLL, \DEVICE\HARDDISKVOLUME2\WINDOWS\SYSTEM32\VSSTRACE.DLL, \DEVICE\HARDDISKVOLUME2\WINDOWS\SYSTEM32\SRCLIENT.DLL, \DEVICE\HARDDISKVOLUME2\WINDOWS\SYSTEM32\CLBCATQ.DLL, \DEVICE\HARDDISKVOLUME2\WINDOWS\SYSTEM32\APPHELP.DLL, \DEVICE\HARDDISKVOLUME2\WINDOWS\SYSTEM32\REMOTEPG.DLL, \DEVICE\HARDDISKVOLUME2\WINDOWS\SYSTEM32\SAMCLI.DLL, \DEVICE\HARDDISKVOLUME2\WINDOWS\SYSTEM32\SLC.DLL, \DEVICE\HARDDISKVOLUME2\WINDOWS\SYSTEM32\POWRPROF.DLL, \DEVICE\HARDDISKVOLUME2\WINDOWS\SYSTEM32\REGAPI.DLL, \DEVICE\HARDDISKVOLUME2\WINDOWS\SYSTEM32\EN-US\REMOTEPG.DLL.MUI, \DEVICE\HARDDISKVOLUME2\WINDOWS\WINSXS\AMD64_MICROSOFT.WINDOWS.C..-CONTROLS.RESOURCES_6595B64144CCF1DF_6.0.7600.16385_EN-US_106F9BE843A9B4E3\COMCTL32.DLL.MUI, \DEVICE\HARDDISKVOLUME2\WINDOWS\SYSTEM32\EN-US\NETID.DLL.MUI, \DEVICE\HARDDISKVOLUME2\WINDOWS\SYSTEM32\EN-US\SRRSTR.DLL.MUI, \DEVICE\HARDDISKVOLUME2\WINDOWS\FONTS\STATICCACHE.DAT, \DEVICE\HARDDISKVOLUME2\WINDOWS\SYSTEM32\RACPLDLG.DLL, \DEVICE\HARDDISKVOLUME2\WINDOWS\WINSXS\AMD64_MICROSOFT.WINDOWS.GDIPLUS_6595B64144CCF1DF_1.1.7601.17514_NONE_2B24536C71ED437A\GDIPLUS.DLL, \DEVICE\HARDDISKVOLUME2\WINDOWS\SYSTEM32\DUI70.DLL, \DEVICE\HARDDISKVOLUME2\WINDOWS\SYSTEM32\SAMLIB.DLL, \DEVICE\HARDDISKVOLUME2\WINDOWS\SYSTEM32\FIREWALLAPI.DLL, \DEVICE\HARDDISKVOLUME2\WINDOWS\SYSTEM32\EN-US\FIREWALLAPI.DLL.MUI",False
,C:\Users\BRIANNA\OneDrive\Documents\GitHub\NSSECU3_MP2\win7_files\Prefetch\TASKENG.EXE-48D4E289.pf,1979-12-31 16:00:00,2025-02-18 17:39:10,2025-02-19 10:02:47,TASKENG.EXE,48D4E289,18376,Windows Vista or Windows 7,1,2025-02-18 17:12:20,,,,,,,,\DEVICE\HARDDISKVOLUME2,84AABEBE,2024-05-27 03:33:38,,,,"\DEVICE\HARDDISKVOLUME2\WINDOWS, \DEVICE\HARDDISKVOLUME2\WINDOWS\GLOBALIZATION, \DEVICE\HARDDISKVOLUME2\WINDOWS\GLOBALIZATION\SORTING, \DEVICE\HARDDISKVOLUME2\WINDOWS\SYSTEM32, \DEVICE\HARDDISKVOLUME2\WINDOWS\SYSTEM32\TASKS, \DEVICE\HARDDISKVOLUME2\WINDOWS\SYSTEM32\TASKS\MOZILLA","\DEVICE\HARDDISKVOLUME2\WINDOWS\SYSTEM32\NTDLL.DLL, \DEVICE\HARDDISKVOLUME2\WINDOWS\SYSTEM32\KERNEL32.DLL, \DEVICE\HARDDISKVOLUME2\WINDOWS\SYSTEM32\APISETSCHEMA.DLL, \DEVICE\HARDDISKVOLUME2\WINDOWS\SYSTEM32\KERNELBASE.DLL, \DEVICE\HARDDISKVOLUME2\WINDOWS\SYSTEM32\LOCALE.NLS, \DEVICE\HARDDISKVOLUME2\WINDOWS\SYSTEM32\TASKENG.EXE, \DEVICE\HARDDISKVOLUME2\WINDOWS\SYSTEM32\USER32.DLL, \DEVICE\HARDDISKVOLUME2\WINDOWS\SYSTEM32\GDI32.DLL, \DEVICE\HARDDISKVOLUME2\WINDOWS\SYSTEM32\LPK.DLL, \DEVICE\HARDDISKVOLUME2\WINDOWS\SYSTEM32\USP10.DLL, \DEVICE\HARDDISKVOLUME2\WINDOWS\SYSTEM32\MSVCRT.DLL, \DEVICE\HARDDISKVOLUME2\WINDOWS\SYSTEM32\OLE32.DLL, \DEVICE\HARDDISKVOLUME2\WINDOWS\SYSTEM32\RPCRT4.DLL, \DEVICE\HARDDISKVOLUME2\WINDOWS\SYSTEM32\OLEAUT32.DLL, \DEVICE\HARDDISKVOLUME2\WINDOWS\SYSTEM32\KTMW32.DLL, \DEVICE\HARDDISKVOLUME2\WINDOWS\SYSTEM32\WEVTAPI.DLL, \DEVICE\HARDDISKVOLUME2\WINDOWS\SYSTEM32\IMM32.DLL, \DEVICE\HARDDISKVOLUME2\WINDOWS\SYSTEM32\MSCTF.DLL, \DEVICE\HARDDISKVOLUME2\WINDOWS\SYSTEM32\RPCSS.DLL, \DEVICE\HARDDISKVOLUME2\WINDOWS\SYSTEM32\CRYPTBASE.DLL, \DEVICE\HARDDISKVOLUME2\WINDOWS\SYSTEM32\SECHOST.DLL, \DEVICE\HARDDISKVOLUME2\WINDOWS\SYSTEM32\ADVAPI32.DLL, \DEVICE\HARDDISKVOLUME2\WINDOWS\SYSTEM32\CRYPTSP.DLL, \DEVICE\HARDDISKVOLUME2\WINDOWS\SYSTEM32\RSAENH.DLL, \DEVICE\HARDDISKVOLUME2\WINDOWS\SYSTEM32\SHLWAPI.DLL, \DEVICE\HARDDISKVOLUME2\WINDOWS\SYSTEM32\SSPICLI.DLL, \DEVICE\HARDDISKVOLUME2\WINDOWS\GLOBALIZATION\SORTING\SORTDEFAULT.NLS, \DEVICE\HARDDISKVOLUME2\WINDOWS\SYSTEM32\RPCRTREMOTE.DLL, \DEVICE\HARDDISKVOLUME2\WINDOWS\SYSTEM32\CLBCATQ.DLL, \DEVICE\HARDDISKVOLUME2\WINDOWS\SYSTEM32\TSCHANNEL.DLL, \DEVICE\HARDDISKVOLUME2\WINDOWS\SYSTEM32\UXTHEME.DLL, \DEVICE\HARDDISKVOLUME2\WINDOWS\SYSTEM32\TASKS\MOZILLA\FIREFOX BACKGROUND UPDATE 308046B0AF4A39CB, \DEVICE\HARDDISKVOLUME2\WINDOWS\SYSTEM32\XMLLITE.DLL, \DEVICE\HARDDISKVOLUME2\WINDOWS\SYSTEM32\DWMAPI.DLL, \DEVICE\HARDDISKVOLUME2\WINDOWS\SYSTEM32\APPHELP.DLL",False
,C:\Users\BRIANNA\OneDrive\Documents\GitHub\NSSECU3_MP2\win7_files\Prefetch\TSTHEME.EXE-14AC78EA.pf,1979-12-31 16:00:00,2025-02-18 17:39:10,2025-02-19 10:02:47,TSTHEME.EXE,14AC78EA,17882,Windows Vista or Windows 7,2,2025-02-18 17:20:33,,,,,,,,\DEVICE\HARDDISKVOLUME2,84AABEBE,2024-05-27 03:33:38,,,,"\DEVICE\HARDDISKVOLUME2\WINDOWS, \DEVICE\HARDDISKVOLUME2\WINDOWS\GLOBALIZATION, \DEVICE\HARDDISKVOLUME2\WINDOWS\GLOBALIZATION\SORTING, \DEVICE\HARDDISKVOLUME2\WINDOWS\SYSTEM32, \DEVICE\HARDDISKVOLUME2\WINDOWS\SYSTEM32\EN-US","\DEVICE\HARDDISKVOLUME2\WINDOWS\SYSTEM32\NTDLL.DLL, \DEVICE\HARDDISKVOLUME2\WINDOWS\SYSTEM32\KERNEL32.DLL, \DEVICE\HARDDISKVOLUME2\WINDOWS\SYSTEM32\APISETSCHEMA.DLL, \DEVICE\HARDDISKVOLUME2\WINDOWS\SYSTEM32\KERNELBASE.DLL, \DEVICE\HARDDISKVOLUME2\WINDOWS\SYSTEM32\LOCALE.NLS, \DEVICE\HARDDISKVOLUME2\WINDOWS\SYSTEM32\TSTHEME.EXE, \DEVICE\HARDDISKVOLUME2\WINDOWS\SYSTEM32\ADVAPI32.DLL, \DEVICE\HARDDISKVOLUME2\WINDOWS\SYSTEM32\MSVCRT.DLL, \DEVICE\HARDDISKVOLUME2\WINDOWS\SYSTEM32\SECHOST.DLL, \DEVICE\HARDDISKVOLUME2\WINDOWS\SYSTEM32\RPCRT4.DLL, \DEVICE\HARDDISKVOLUME2\WINDOWS\SYSTEM32\USER32.DLL, \DEVICE\HARDDISKVOLUME2\WINDOWS\SYSTEM32\GDI32.DLL, \DEVICE\HARDDISKVOLUME2\WINDOWS\SYSTEM32\LPK.DLL, \DEVICE\HARDDISKVOLUME2\WINDOWS\SYSTEM32\USP10.DLL, \DEVICE\HARDDISKVOLUME2\WINDOWS\SYSTEM32\OLE32.DLL, \DEVICE\HARDDISKVOLUME2\WINDOWS\SYSTEM32\OLEAUT32.DLL, \DEVICE\HARDDISKVOLUME2\WINDOWS\SYSTEM32\IMM32.DLL, \DEVICE\HARDDISKVOLUME2\WINDOWS\SYSTEM32\MSCTF.DLL, \DEVICE\HARDDISKVOLUME2\WINDOWS\SYSTEM32\EN-US\TSTHEME.EXE.MUI, \DEVICE\HARDDISKVOLUME2\WINDOWS\SYSTEM32\RPCSS.DLL, \DEVICE\HARDDISKVOLUME2\WINDOWS\SYSTEM32\CRYPTBASE.DLL, \DEVICE\HARDDISKVOLUME2\WINDOWS\SYSTEM32\UXTHEME.DLL, \DEVICE\HARDDISKVOLUME2\WINDOWS\GLOBALIZATION\SORTING\SORTDEFAULT.NLS, \DEVICE\HARDDISKVOLUME2\WINDOWS\SYSTEM32\CLBCATQ.DLL, \DEVICE\HARDDISKVOLUME2\WINDOWS\SYSTEM32\CRYPTSP.DLL, \DEVICE\HARDDISKVOLUME2\WINDOWS\SYSTEM32\RSAENH.DLL, \DEVICE\HARDDISKVOLUME2\WINDOWS\SYSTEM32\RPCRTREMOTE.DLL, \DEVICE\HARDDISKVOLUME2\WINDOWS\SYSTEM32\SXS.DLL, \DEVICE\HARDDISKVOLUME2\WINDOWS\SYSTEM32\STDOLE2.TLB, \DEVICE\HARDDISKVOLUME2\WINDOWS\SYSTEM32\WINSTA.DLL, \DEVICE\HARDDISKVOLUME2\WINDOWS\SYSTEM32\SHELL32.DLL, \DEVICE\HARDDISKVOLUME2\WINDOWS\SYSTEM32\SHLWAPI.DLL",False
,C:\Users\BRIANNA\OneDrive\Documents\GitHub\NSSECU3_MP2\win7_files\Prefetch\VSSVC.EXE-B8AFC319.pf,1979-12-31 16:00:00,2025-02-18 17:39:10,2025-02-19 10:02:47,VSSVC.EXE,B8AFC319,42524,Windows Vista or Windows 7,1,2025-02-18 17:07:55,,,,,,,,\DEVICE\HARDDISKVOLUME2,84AABEBE,2024-05-27 03:33:38,\DEVICE\HARDDISKVOLUMESHADOWCOPY3,84AABEBE,2024-05-27 03:33:38,"\DEVICE\HARDDISKVOLUME2\$EXTEND, \DEVICE\HARDDISKVOLUME2\PROGRAM FILES, \DEVICE\HARDDISKVOLUME2\PROGRAM FILES\WINDOWS SIDEBAR, \DEVICE\HARDDISKVOLUME2\PROGRAM FILES\WINDOWS SIDEBAR\GADGETS, \DEVICE\HARDDISKVOLUME2\PROGRAM FILES\WINDOWS SIDEBAR\GADGETS\SLIDESHOW.GADGET, \DEVICE\HARDDISKVOLUME2\PROGRAM FILES\WINDOWS SIDEBAR\GADGETS\SLIDESHOW.GADGET\EN-US, \DEVICE\HARDDISKVOLUME2\WINDOWS, \DEVICE\HARDDISKVOLUME2\WINDOWS\GLOBALIZATION, \DEVICE\HARDDISKVOLUME2\WINDOWS\GLOBALIZATION\SORTING, \DEVICE\HARDDISKVOLUME2\WINDOWS\MEDIA, \DEVICE\HARDDISKVOLUME2\WINDOWS\SOFTWAREDISTRIBUTION, \DEVICE\HARDDISKVOLUME2\WINDOWS\SOFTWAREDISTRIBUTION\DATASTORE, \DEVICE\HARDDISKVOLUME2\WINDOWS\SOFTWAREDISTRIBUTION\DATASTORE\LOGS, \DEVICE\HARDDISKVOLUME2\WINDOWS\SYSTEM32, \DEVICE\HARDDISKVOLUME2\WINDOWS\SYSTEM32\CATROOT, \DEVICE\HARDDISKVOLUME2\WINDOWS\SYSTEM32\CATROOT2, \DEVICE\HARDDISKVOLUME2\WINDOWS\SYSTEM32\CATROOT2\{127D0A1D-4EF2-11D1-8608-00C04FC295EE}, \DEVICE\HARDDISKVOLUME2\WINDOWS\SYSTEM32\CATROOT2\{F750E6C3-38EE-11D1-85E5-00C04FC295EE}, \DEVICE\HARDDISKVOLUME2\WINDOWS\SYSTEM32\EN-US, \DEVICE\HARDDISKVOLUME2\WINDOWS\SYSTEM32\EN-US\LICENSES, \DEVICE\HARDDISKVOLUME2\WINDOWS\SYSTEM32\EN-US\LICENSES\OEM, \DEVICE\HARDDISKVOLUME2\WINDOWS\SYSTEM32\SMI, \DEVICE\HARDDISKVOLUME2\WINDOWS\SYSTEM32\SMI\STORE\DEVICE\HARDDISKVOLUMESHADOWCOPY3\PROGRAMDATA, \DEVICE\HARDDISKVOLUMESHADOWCOPY3\PROGRAMDATA\MICROSOFT, \DEVICE\HARDDISKVOLUMESHADOWCOPY3\PROGRAMDATA\MICROSOFT\RAC, \DEVICE\HARDDISKVOLUMESHADOWCOPY3\USERS, \DEVICE\HARDDISKVOLUMESHADOWCOPY3\USERS\STUDENT, \DEVICE\HARDDISKVOLUMESHADOWCOPY3\USERS\STUDENT\APPDATA, \DEVICE\HARDDISKVOLUMESHADOWCOPY3\USERS\STUDENT\APPDATA\LOCAL, \DEVICE\HARDDISKVOLUMESHADOWCOPY3\WINDOWS, \DEVICE\HARDDISKVOLUMESHADOWCOPY3\WINDOWS\SOFTWAREDISTRIBUTION, \DEVICE\HARDDISKVOLUMESHADOWCOPY3\WINDOWS\SOFTWAREDISTRIBUTION\DATASTORE, \DEVICE\HARDDISKVOLUMESHADOWCOPY3\WINDOWS\SYSTEM32, \DEVICE\HARDDISKVOLUMESHADOWCOPY3\WINDOWS\SYSTEM32\TASKS, \DEVICE\HARDDISKVOLUMESHADOWCOPY3\WINDOWS\SYSTEM32\TASKS\MICROSOFT","\DEVICE\HARDDISKVOLUME2\WINDOWS\SYSTEM32\NTDLL.DLL, \DEVICE\HARDDISKVOLUME2\WINDOWS\SYSTEM32\KERNEL32.DLL, \DEVICE\HARDDISKVOLUME2\WINDOWS\SYSTEM32\APISETSCHEMA.DLL, \DEVICE\HARDDISKVOLUME2\WINDOWS\SYSTEM32\KERNELBASE.DLL, \DEVICE\HARDDISKVOLUME2\WINDOWS\SYSTEM32\LOCALE.NLS, \DEVICE\HARDDISKVOLUME2\WINDOWS\SYSTEM32\VSSVC.EXE, \DEVICE\HARDDISKVOLUME2\WINDOWS\SYSTEM32\ADVAPI32.DLL, \DEVICE\HARDDISKVOLUME2\WINDOWS\SYSTEM32\MSVCRT.DLL, \DEVICE\HARDDISKVOLUME2\WINDOWS\SYSTEM32\SECHOST.DLL, \DEVICE\HARDDISKVOLUME2\WINDOWS\SYSTEM32\RPCRT4.DLL, \DEVICE\HARDDISKVOLUME2\WINDOWS\SYSTEM32\USER32.DLL, \DEVICE\HARDDISKVOLUME2\WINDOWS\SYSTEM32\GDI32.DLL, \DEVICE\HARDDISKVOLUME2\WINDOWS\SYSTEM32\LPK.DLL, \DEVICE\HARDDISKVOLUME2\WINDOWS\SYSTEM32\USP10.DLL, \DEVICE\HARDDISKVOLUME2\WINDOWS\SYSTEM32\ATL.DLL, \DEVICE\HARDDISKVOLUME2\WINDOWS\SYSTEM32\OLE32.DLL, \DEVICE\HARDDISKVOLUME2\WINDOWS\SYSTEM32\SHLWAPI.DLL, \DEVICE\HARDDISKVOLUME2\WINDOWS\SYSTEM32\OLEAUT32.DLL, \DEVICE\HARDDISKVOLUME2\WINDOWS\SYSTEM32\VSSAPI.DLL, \DEVICE\HARDDISKVOLUME2\WINDOWS\SYSTEM32\VSSTRACE.DLL, \DEVICE\HARDDISKVOLUME2\WINDOWS\SYSTEM32\NETAPI32.DLL, \DEVICE\HARDDISKVOLUME2\WINDOWS\SYSTEM32\NETUTILS.DLL, \DEVICE\HARDDISKVOLUME2\WINDOWS\SYSTEM32\SRVCLI.DLL, \DEVICE\HARDDISKVOLUME2\WINDOWS\SYSTEM32\WKSCLI.DLL, \DEVICE\HARDDISKVOLUME2\WINDOWS\SYSTEM32\SAMCLI.DLL, \DEVICE\HARDDISKVOLUME2\WINDOWS\SYSTEM32\CLUSAPI.DLL, \DEVICE\HARDDISKVOLUME2\WINDOWS\SYSTEM32\CRYPTDLL.DLL, \DEVICE\HARDDISKVOLUME2\WINDOWS\SYSTEM32\XOLEHLP.DLL, \DEVICE\HARDDISKVOLUME2\WINDOWS\SYSTEM32\VERSION.DLL, \DEVICE\HARDDISKVOLUME2\WINDOWS\SYSTEM32\RESUTILS.DLL, \DEVICE\HARDDISKVOLUME2\WINDOWS\SYSTEM32\SETUPAPI.DLL, \DEVICE\HARDDISKVOLUME2\WINDOWS\SYSTEM32\CFGMGR32.DLL, \DEVICE\HARDDISKVOLUME2\WINDOWS\SYSTEM32\DEVOBJ.DLL, \DEVICE\HARDDISKVOLUME2\WINDOWS\SYSTEM32\AUTHZ.DLL, \DEVICE\HARDDISKVOLUME2\WINDOWS\SYSTEM32\VIRTDISK.DLL, \DEVICE\HARDDISKVOLUME2\WINDOWS\SYSTEM32\FLTLIB.DLL, \DEVICE\HARDDISKVOLUME2\WINDOWS\SYSTEM32\IMM32.DLL, \DEVICE\HARDDISKVOLUME2\WINDOWS\SYSTEM32\MSCTF.DLL, \DEVICE\HARDDISKVOLUME2\WINDOWS\SYSTEM32\EN-US\VSSVC.EXE.MUI, \DEVICE\HARDDISKVOLUME2\WINDOWS\SYSTEM32\RPCSS.DLL, \DEVICE\HARDDISKVOLUME2\WINDOWS\SYSTEM32\CRYPTBASE.DLL, \DEVICE\HARDDISKVOLUME2\WINDOWS\SYSTEM32\CRYPTSP.DLL, \DEVICE\HARDDISKVOLUME2\WINDOWS\SYSTEM32\RSAENH.DLL, \DEVICE\HARDDISKVOLUME2\WINDOWS\GLOBALIZATION\SORTING\SORTDEFAULT.NLS, \DEVICE\HARDDISKVOLUME2\WINDOWS\SYSTEM32\RPCRTREMOTE.DLL, \DEVICE\HARDDISKVOLUME2\WINDOWS\SYSTEM32\CLBCATQ.DLL, \DEVICE\HARDDISKVOLUME2\WINDOWS\SYSTEM32\VSS_PS.DLL, \DEVICE\HARDDISKVOLUME2\WINDOWS\SYSTEM32\SAMLIB.DLL, \DEVICE\HARDDISKVOLUME2\WINDOWS\SYSTEM32\ES.DLL, \DEVICE\HARDDISKVOLUME2\WINDOWS\SYSTEM32\PROPSYS.DLL, \DEVICE\HARDDISKVOLUME2\WINDOWS\SYSTEM32\CATSRVUT.DLL, \DEVICE\HARDDISKVOLUME2\WINDOWS\SYSTEM32\MFCSUBS.DLL, \DEVICE\HARDDISKVOLUME2\WINDOWS\SYSTEM32\SXS.DLL, \DEVICE\HARDDISKVOLUME2\WINDOWS\SYSTEM32\EVENTCLS.DLL, \DEVICE\HARDDISKVOLUME2\WINDOWS\SYSTEM32\STDOLE2.TLB, \DEVICE\HARDDISKVOLUME2\WINDOWS\SYSTEM32\MSXML3.DLL, \DEVICE\HARDDISKVOLUME2\WINDOWS\SYSTEM32\EN-US\KERNELBASE.DLL.MUI, \DEVICE\HARDDISKVOLUME2\WINDOWS\SYSTEM32\MSXML3R.DLL, \DEVICE\HARDDISKVOLUME2\WINDOWS\SYSTEM32\WINTRUST.DLL, \DEVICE\HARDDISKVOLUME2\WINDOWS\SYSTEM32\CRYPT32.DLL, \DEVICE\HARDDISKVOLUME2\WINDOWS\SYSTEM32\MSASN1.DLL, \DEVICE\HARDDISKVOLUME2\WINDOWS\SOFTWAREDISTRIBUTION\DATASTORE\DATASTORE.EDB, \DEVICE\HARDDISKVOLUME2\WINDOWS\SOFTWAREDISTRIBUTION\DATASTORE\LOGS\EDB.CHK, \DEVICE\HARDDISKVOLUME2\$MFT, \DEVICE\HARDDISKVOLUME2\WINDOWS\SYSTEM32\CATROOT2\{127D0A1D-4EF2-11D1-8608-00C04FC295EE}\CATDB, \DEVICE\HARDDISKVOLUME2\WINDOWS\SYSTEM32\CATROOT2\{F750E6C3-38EE-11D1-85E5-00C04FC295EE}\CATDB, \DEVICE\HARDDISKVOLUME2\WINDOWS\SYSTEM32\CATROOT2\EDB.CHK, \DEVICE\HARDDISKVOLUMESHADOWCOPY3\$MFT",False
,C:\Users\BRIANNA\OneDrive\Documents\GitHub\NSSECU3_MP2\win7_files\Prefetch\WINLOGON.EXE-B020DC41.pf,1979-12-31 16:00:00,2025-02-18 17:39:10,2025-02-19 10:02:48,WINLOGON.EXE,B020DC41,31602,Windows Vista or Windows 7,2,2025-02-18 17:19:36,,,,,,,,\DEVICE\HARDDISKVOLUME2,84AABEBE,2024-05-27 03:33:38,,,,"\DEVICE\HARDDISKVOLUME2\WINDOWS, \DEVICE\HARDDISKVOLUME2\WINDOWS\CURSORS, \DEVICE\HARDDISKVOLUME2\WINDOWS\FONTS, \DEVICE\HARDDISKVOLUME2\WINDOWS\GLOBALIZATION, \DEVICE\HARDDISKVOLUME2\WINDOWS\GLOBALIZATION\SORTING, \DEVICE\HARDDISKVOLUME2\WINDOWS\RESOURCES, \DEVICE\HARDDISKVOLUME2\WINDOWS\RESOURCES\THEMES, \DEVICE\HARDDISKVOLUME2\WINDOWS\RESOURCES\THEMES\AERO, \DEVICE\HARDDISKVOLUME2\WINDOWS\SYSTEM32","\DEVICE\HARDDISKVOLUME2\WINDOWS\SYSTEM32\NTDLL.DLL, \DEVICE\HARDDISKVOLUME2\WINDOWS\SYSTEM32\KERNEL32.DLL, \DEVICE\HARDDISKVOLUME2\WINDOWS\SYSTEM32\APISETSCHEMA.DLL, \DEVICE\HARDDISKVOLUME2\WINDOWS\SYSTEM32\KERNELBASE.DLL, \DEVICE\HARDDISKVOLUME2\WINDOWS\SYSTEM32\LOCALE.NLS, \DEVICE\HARDDISKVOLUME2\WINDOWS\SYSTEM32\WINLOGON.EXE, \DEVICE\HARDDISKVOLUME2\WINDOWS\SYSTEM32\USER32.DLL, \DEVICE\HARDDISKVOLUME2\WINDOWS\SYSTEM32\GDI32.DLL, \DEVICE\HARDDISKVOLUME2\WINDOWS\SYSTEM32\LPK.DLL, \DEVICE\HARDDISKVOLUME2\WINDOWS\SYSTEM32\USP10.DLL, \DEVICE\HARDDISKVOLUME2\WINDOWS\SYSTEM32\MSVCRT.DLL, \DEVICE\HARDDISKVOLUME2\WINDOWS\SYSTEM32\WINSTA.DLL, \DEVICE\HARDDISKVOLUME2\WINDOWS\SYSTEM32\RPCRT4.DLL, \DEVICE\HARDDISKVOLUME2\WINDOWS\SYSTEM32\IMM32.DLL, \DEVICE\HARDDISKVOLUME2\WINDOWS\SYSTEM32\MSCTF.DLL, \DEVICE\HARDDISKVOLUME2\WINDOWS\SYSTEM32\PROFAPI.DLL, \DEVICE\HARDDISKVOLUME2\WINDOWS\SYSTEM32\SECHOST.DLL, \DEVICE\HARDDISKVOLUME2\WINDOWS\SYSTEM32\RPCRTREMOTE.DLL, \DEVICE\HARDDISKVOLUME2\WINDOWS\SYSTEM32\ADVAPI32.DLL, \DEVICE\HARDDISKVOLUME2\WINDOWS\SYSTEM32\KBDUS.DLL, \DEVICE\HARDDISKVOLUME2\WINDOWS\FONTS\BATANG.TTC, \DEVICE\HARDDISKVOLUME2\WINDOWS\FONTS\GULIM.TTC, \DEVICE\HARDDISKVOLUME2\WINDOWS\FONTS\MALGUN.TTF, \DEVICE\HARDDISKVOLUME2\WINDOWS\FONTS\MALGUNBD.TTF, \DEVICE\HARDDISKVOLUME2\WINDOWS\FONTS\MEIRYO.TTC, \DEVICE\HARDDISKVOLUME2\WINDOWS\FONTS\MEIRYOB.TTC, \DEVICE\HARDDISKVOLUME2\WINDOWS\FONTS\MSJH.TTF, \DEVICE\HARDDISKVOLUME2\WINDOWS\FONTS\MSJHBD.TTF, \DEVICE\HARDDISKVOLUME2\WINDOWS\FONTS\MSYH.TTF, \DEVICE\HARDDISKVOLUME2\WINDOWS\FONTS\MSYHBD.TTF, \DEVICE\HARDDISKVOLUME2\WINDOWS\FONTS\MINGLIU.TTC, \DEVICE\HARDDISKVOLUME2\WINDOWS\FONTS\MINGLIUB.TTC, \DEVICE\HARDDISKVOLUME2\WINDOWS\FONTS\MSGOTHIC.TTC, \DEVICE\HARDDISKVOLUME2\WINDOWS\FONTS\MSMINCHO.TTC, \DEVICE\HARDDISKVOLUME2\WINDOWS\FONTS\SEGOEUI.TTF, \DEVICE\HARDDISKVOLUME2\WINDOWS\FONTS\SEGOEUIB.TTF, \DEVICE\HARDDISKVOLUME2\WINDOWS\FONTS\SIMSUN.TTC, \DEVICE\HARDDISKVOLUME2\WINDOWS\FONTS\SIMSUNB.TTF, \DEVICE\HARDDISKVOLUME2\WINDOWS\FONTS\TAHOMA.TTF, \DEVICE\HARDDISKVOLUME2\WINDOWS\FONTS\MICROSS.TTF, \DEVICE\HARDDISKVOLUME2\WINDOWS\CURSORS\AERO_ARROW.CUR, \DEVICE\HARDDISKVOLUME2\WINDOWS\CURSORS\AERO_BUSY.ANI, \DEVICE\HARDDISKVOLUME2\WINDOWS\CURSORS\AERO_UP.CUR, \DEVICE\HARDDISKVOLUME2\WINDOWS\CURSORS\AERO_NWSE.CUR, \DEVICE\HARDDISKVOLUME2\WINDOWS\CURSORS\AERO_NESW.CUR, \DEVICE\HARDDISKVOLUME2\WINDOWS\CURSORS\AERO_EW.CUR, \DEVICE\HARDDISKVOLUME2\WINDOWS\CURSORS\AERO_NS.CUR, \DEVICE\HARDDISKVOLUME2\WINDOWS\CURSORS\AERO_MOVE.CUR, \DEVICE\HARDDISKVOLUME2\WINDOWS\CURSORS\AERO_UNAVAIL.CUR, \DEVICE\HARDDISKVOLUME2\WINDOWS\CURSORS\AERO_WORKING.ANI, \DEVICE\HARDDISKVOLUME2\WINDOWS\CURSORS\AERO_HELPSEL.CUR, \DEVICE\HARDDISKVOLUME2\WINDOWS\CURSORS\AERO_PEN.CUR, \DEVICE\HARDDISKVOLUME2\WINDOWS\CURSORS\AERO_LINK.CUR, \DEVICE\HARDDISKVOLUME2\WINDOWS\SYSTEM32\APPHELP.DLL, \DEVICE\HARDDISKVOLUME2\WINDOWS\SYSTEM32\UXINIT.DLL, \DEVICE\HARDDISKVOLUME2\WINDOWS\SYSTEM32\UXTHEME.DLL, \DEVICE\HARDDISKVOLUME2\WINDOWS\GLOBALIZATION\SORTING\SORTDEFAULT.NLS, \DEVICE\HARDDISKVOLUME2\WINDOWS\RESOURCES\THEMES\AERO\AERO.MSSTYLES, \DEVICE\HARDDISKVOLUME2\WINDOWS\SYSTEM32\CRYPTSP.DLL, \DEVICE\HARDDISKVOLUME2\WINDOWS\SYSTEM32\RSAENH.DLL, \DEVICE\HARDDISKVOLUME2\WINDOWS\SYSTEM32\CRYPTBASE.DLL, \DEVICE\HARDDISKVOLUME2\WINDOWS\SYSTEM32\WINDOWSCODECS.DLL, \DEVICE\HARDDISKVOLUME2\WINDOWS\SYSTEM32\OLE32.DLL, \DEVICE\HARDDISKVOLUME2\WINDOWS\SYSTEM32\WKSCLI.DLL, \DEVICE\HARDDISKVOLUME2\WINDOWS\SYSTEM32\SSPICLI.DLL",False
